0,CR_lounge_220110_0731.s0_chunk27
1,CR_lounge_220110_0731.s0_chunk18
2,CR_lounge_220110_0731.s0_chunk70
3,CR_lounge_220110_0731.s0_chunk0
4,CR_lounge_220110_0731.s0_chunk39
5,CR_lounge_220110_0731.s0_chunk5
6,CR_lounge_220110_0731.s0_chunk24
7,CR_lounge_220110_0731.s0_chunk72
8,CR_lounge_220110_0731.s0_chunk15
9,CR_lounge_220110_0731.s0_chunk16
10,CR_lounge_220110_0731.s0_chunk35
11,CR_lounge_220110_0731.s0_chunk69
12,CR_lounge_220110_0731.s0_chunk20
13,CR_lounge_220110_0731.s0_chunk74
14,CR_lounge_220110_0731.s0_chunk26
15,CR_lounge_220110_0731.s0_chunk46
16,CR_lounge_220110_0731.s0_chunk11
17,CR_lounge_220110_0731.s0_chunk19
18,CR_lounge_220110_0731.s0_chunk71
19,CR_lounge_220110_0731.s0_chunk22
20,CR_lounge_220110_0731.s0_chunk7
21,CR_lounge_220110_0731.s0_chunk12
22,CR_lounge_220110_0731.s0_chunk40
23,CR_lounge_220110_0731.s0_chunk21
24,CR_lounge_220110_0731.s0_chunk41
25,CR_lounge_220110_0731.s0_chunk30
26,CR_lounge_220110_0731.s0_chunk17
27,CR_lounge_220110_0731.s0_chunk73
28,CR_lounge_220110_0731.s0_chunk45
29,CR_lounge_220110_0731.s0_chunk9
30,CR_lounge_200110_1711.s600_chunk32
31,CR_lounge_200110_1711.s600_chunk63
32,CR_lounge_200110_1711.s600_chunk19
33,CR_lounge_200110_1711.s600_chunk20
34,CR_lounge_200110_1711.s600_chunk60
35,CR_lounge_200110_1711.s600_chunk62
36,CR_lounge_200110_1711.s600_chunk13
37,CR_lounge_200110_1711.s600_chunk59
38,CR_lounge_200110_1711.s600_chunk8
39,CR_lounge_200110_1711.s600_chunk29
40,CR_lounge_200110_1711.s600_chunk51
41,CR_lounge_200110_1711.s600_chunk16
42,CR_lounge_200110_1711.s600_chunk64
43,CR_lounge_200110_1711.s600_chunk10
44,CR_lounge_200110_1711.s600_chunk54
45,CR_lounge_200110_1711.s600_chunk61
46,CR_lounge_200110_1711.s600_chunk11
47,CR_lounge_200110_1711.s600_chunk44
48,CR_lounge_200110_1711.s600_chunk43
49,CR_lounge_200110_1711.s600_chunk71
50,CR_lounge_200110_1711.s600_chunk41
51,CR_lounge_200110_1711.s600_chunk12
52,CR_lounge_200110_1711.s600_chunk72
53,CR_lounge_200110_1711.s600_chunk30
54,CR_lounge_270110_1632.s3000_chunk37
55,CR_lounge_270110_1632.s3000_chunk43
56,CR_lounge_270110_1632.s3000_chunk55
57,CR_lounge_270110_1632.s3000_chunk30
58,CR_lounge_270110_1632.s3000_chunk35
59,CR_lounge_270110_1632.s3000_chunk32
60,CR_lounge_270110_1632.s3000_chunk62
61,CR_lounge_270110_1632.s3000_chunk48
62,CR_lounge_270110_1632.s3000_chunk0
63,CR_lounge_270110_1632.s3000_chunk15
64,CR_lounge_270110_1632.s3000_chunk71
65,CR_lounge_270110_1632.s3000_chunk23
66,CR_lounge_270110_1632.s3000_chunk68
67,CR_lounge_270110_1632.s3000_chunk46
68,CR_lounge_270110_1632.s3000_chunk40
69,CR_lounge_270110_1632.s3000_chunk3
70,CR_lounge_270110_1632.s3000_chunk20
71,CR_lounge_270110_1632.s3000_chunk50
72,CR_lounge_270110_1632.s3000_chunk17
73,CR_lounge_270110_1632.s3000_chunk39
74,CR_lounge_270110_1632.s3000_chunk57
75,CR_lounge_270110_1632.s3000_chunk42
76,CR_lounge_270110_1632.s3000_chunk67
77,CR_lounge_270110_1632.s3000_chunk47
78,CR_lounge_270110_1632.s3000_chunk34
79,CR_lounge_270110_1632.s3000_chunk18
80,CR_lounge_270110_1632.s3000_chunk21
81,CR_lounge_270110_1632.s3000_chunk19
82,CR_lounge_270110_1632.s3000_chunk64
83,CR_lounge_270110_1632.s3000_chunk74
84,CR_lounge_270110_1632.s3000_chunk56
85,CR_lounge_270110_1632.s3000_chunk9
86,CR_lounge_270110_1632.s0_chunk73
87,CR_lounge_270110_1632.s0_chunk64
88,CR_lounge_270110_1632.s0_chunk16
89,CR_lounge_270110_1632.s0_chunk56
90,CR_lounge_270110_1632.s0_chunk32
91,CR_lounge_270110_1632.s0_chunk62
92,CR_lounge_270110_1632.s0_chunk55
93,CR_lounge_270110_1632.s0_chunk44
94,CR_lounge_270110_1632.s0_chunk37
95,CR_lounge_270110_1632.s0_chunk12
96,CR_lounge_270110_1632.s0_chunk10
97,CR_lounge_270110_1632.s0_chunk52
98,CR_lounge_270110_1632.s0_chunk1
99,CR_lounge_270110_1632.s0_chunk70
100,CR_lounge_270110_1632.s0_chunk45
101,CR_lounge_270110_1632.s0_chunk4
102,CR_lounge_270110_1632.s0_chunk66
103,CR_lounge_270110_1632.s0_chunk15
104,CR_lounge_270110_1632.s0_chunk54
105,CR_lounge_270110_1632.s0_chunk48
106,CR_lounge_270110_1632.s0_chunk61
107,CR_lounge_270110_1632.s0_chunk57
108,CR_lounge_270110_1632.s0_chunk74
109,CR_lounge_270110_1632.s0_chunk72
110,CR_lounge_270110_1632.s0_chunk50
111,CR_lounge_270110_1632.s0_chunk40
112,CR_lounge_270110_1632.s0_chunk65
113,CR_lounge_270110_1632.s0_chunk41
114,CR_lounge_270110_1632.s0_chunk13
115,CR_lounge_270110_1632.s0_chunk51
116,CR_lounge_270110_1632.s0_chunk69
117,CR_lounge_270110_1632.s0_chunk7
118,CR_lounge_270110_1632.s0_chunk46
119,CR_lounge_270110_1632.s0_chunk43
120,CR_lounge_270110_1632.s0_chunk3
121,CR_lounge_270110_1632.s0_chunk53
122,CR_lounge_270110_1632.s0_chunk34
123,CR_lounge_270110_1632.s0_chunk5
124,CR_lounge_270110_1632.s0_chunk58
125,CR_lounge_270110_1632.s0_chunk38
126,CR_lounge_270110_1632.s0_chunk8
127,CR_lounge_270110_1632.s0_chunk9
128,CR_lounge_270110_1632.s0_chunk11
129,CR_lounge_270110_1632.s0_chunk17
130,CR_lounge_270110_1632.s0_chunk14
131,CR_lounge_270110_1632.s0_chunk67
132,CR_lounge_270110_1632.s0_chunk47
133,CR_lounge_270110_1632.s0_chunk35
134,CR_lounge_270110_1632.s0_chunk24
135,CR_lounge_270110_1632.s0_chunk71
136,CR_lounge_270110_1632.s0_chunk63
137,CR_lounge_270110_1632.s0_chunk39
138,CR_lounge_270110_1632.s0_chunk20
139,CR_lounge_270110_1632.s0_chunk60
140,CR_lounge_270110_1632.s0_chunk36
141,CR_lounge_270110_1632.s3300_chunk46
142,CR_lounge_270110_1632.s3300_chunk68
143,CR_lounge_270110_1632.s3300_chunk44
144,CR_lounge_270110_1632.s3300_chunk38
145,CR_lounge_270110_1632.s3300_chunk21
146,CR_lounge_270110_1632.s3300_chunk34
147,CR_lounge_270110_1632.s3300_chunk62
148,CR_lounge_270110_1632.s3300_chunk43
149,CR_lounge_270110_1632.s3300_chunk59
150,CR_lounge_270110_1632.s3300_chunk26
151,CR_lounge_270110_1632.s3300_chunk40
152,CR_lounge_270110_1632.s3300_chunk29
153,CR_lounge_270110_1632.s3300_chunk69
154,CR_lounge_270110_1632.s3300_chunk13
155,CR_lounge_270110_1632.s3300_chunk12
156,CR_lounge_270110_1632.s3300_chunk50
157,CR_lounge_270110_1632.s3300_chunk39
158,CR_lounge_270110_1632.s3300_chunk57
159,CR_lounge_270110_1632.s3300_chunk11
160,CR_lounge_270110_1632.s3300_chunk56
161,CR_lounge_270110_1632.s3300_chunk5
162,CR_lounge_270110_1632.s3300_chunk45
163,CR_lounge_270110_1632.s3300_chunk2
164,CR_lounge_270110_1632.s3300_chunk72
165,CR_lounge_270110_1632.s3300_chunk27
166,CR_lounge_270110_1632.s3300_chunk51
167,CR_lounge_270110_1632.s3300_chunk8
168,CR_lounge_270110_1632.s3300_chunk37
169,CR_lounge_270110_1632.s3300_chunk47
170,CR_lounge_270110_1632.s3300_chunk28
171,CR_lounge_270110_1632.s3300_chunk36
172,CR_lounge_270110_1632.s3300_chunk19
173,CR_lounge_270110_1632.s3300_chunk0
174,CR_lounge_220110_0731.s3600_chunk3
175,CR_lounge_220110_0731.s3600_chunk54
176,CR_lounge_220110_0731.s3600_chunk33
177,CR_lounge_220110_0731.s3600_chunk24
178,CR_lounge_220110_0731.s3600_chunk65
179,CR_lounge_220110_0731.s3600_chunk61
180,CR_lounge_220110_0731.s3600_chunk45
181,CR_lounge_220110_0731.s3600_chunk64
182,CR_lounge_220110_0731.s3600_chunk63
183,CR_lounge_220110_0731.s3600_chunk35
184,CR_lounge_220110_0731.s3600_chunk20
185,CR_lounge_220110_0731.s3600_chunk58
186,CR_lounge_220110_0731.s3600_chunk11
187,CR_lounge_220110_0731.s3600_chunk50
188,CR_lounge_220110_0731.s3600_chunk21
189,CR_lounge_220110_0731.s3600_chunk30
190,CR_lounge_220110_0731.s3600_chunk13
191,CR_lounge_220110_0731.s3600_chunk66
192,CR_lounge_220110_0731.s3600_chunk62
193,CR_lounge_220110_0731.s3600_chunk56
194,CR_lounge_220110_0731.s3600_chunk16
195,CR_lounge_220110_0731.s3600_chunk42
196,CR_lounge_220110_0731.s3600_chunk28
197,CR_lounge_220110_0731.s3600_chunk34
198,CR_lounge_220110_0731.s3600_chunk38
199,CR_lounge_230110_1036.s2100_chunk74
200,CR_lounge_230110_1036.s2100_chunk31
201,CR_lounge_230110_1036.s2100_chunk12
202,CR_lounge_230110_1036.s2100_chunk52
203,CR_lounge_230110_1036.s2100_chunk3
204,CR_lounge_230110_1036.s2100_chunk70
205,CR_lounge_230110_1036.s2100_chunk17
206,CR_lounge_230110_1036.s2100_chunk44
207,CR_lounge_230110_1036.s2100_chunk73
208,CR_lounge_230110_1036.s2100_chunk21
209,CR_lounge_230110_1036.s2100_chunk16
210,CR_lounge_230110_1036.s2100_chunk25
211,CR_lounge_230110_1036.s2100_chunk33
212,CR_lounge_230110_1036.s2100_chunk9
213,CR_lounge_230110_1036.s2100_chunk19
214,CR_lounge_230110_1036.s2100_chunk23
215,CR_lounge_230110_1036.s2100_chunk15
216,CR_lounge_230110_1036.s2100_chunk56
217,CR_lounge_230110_1036.s2100_chunk1
218,CR_lounge_230110_1036.s2100_chunk57
219,CR_lounge_230110_1036.s2100_chunk71
220,CR_lounge_230110_1036.s2100_chunk37
221,CR_lounge_230110_1036.s2100_chunk63
222,CR_lounge_230110_1036.s2100_chunk46
223,CR_lounge_230110_1036.s2100_chunk29
224,CR_lounge_230110_1036.s2100_chunk66
225,CR_lounge_230110_1036.s2100_chunk60
226,CR_lounge_230110_1036.s2100_chunk14
227,CR_lounge_230110_1036.s2100_chunk65
228,CR_lounge_230110_1501.s3000_chunk4
229,CR_lounge_230110_1501.s3000_chunk53
230,CR_lounge_230110_1501.s3000_chunk42
231,CR_lounge_230110_1501.s3000_chunk11
232,CR_lounge_230110_1501.s3000_chunk34
233,CR_lounge_230110_1501.s3000_chunk12
234,CR_lounge_230110_1501.s3000_chunk1
235,CR_lounge_230110_1501.s3000_chunk38
236,CR_lounge_230110_1501.s3000_chunk14
237,CR_lounge_230110_1501.s3000_chunk29
238,CR_lounge_230110_1501.s3000_chunk51
239,CR_lounge_230110_1501.s3000_chunk39
240,CR_lounge_230110_1501.s3000_chunk72
241,CR_lounge_230110_1501.s3000_chunk15
242,CR_lounge_230110_1501.s3000_chunk43
243,CR_lounge_230110_1501.s3000_chunk16
244,CR_lounge_230110_1501.s3000_chunk46
245,CR_lounge_230110_1501.s3000_chunk56
246,CR_lounge_230110_1501.s3000_chunk18
247,CR_lounge_230110_1501.s3000_chunk8
248,CR_lounge_230110_1501.s3000_chunk30
249,CR_lounge_230110_1501.s3000_chunk0
250,CR_lounge_230110_1501.s3000_chunk3
251,CR_lounge_230110_1501.s3000_chunk13
252,CR_lounge_230110_1501.s3000_chunk20
253,CR_lounge_230110_1501.s3000_chunk54
254,CR_lounge_230110_1501.s3000_chunk24
255,CR_lounge_230110_1501.s3000_chunk17
256,CR_lounge_230110_1501.s3000_chunk22
257,CR_lounge_230110_1501.s3300_chunk54
258,CR_lounge_230110_1501.s3300_chunk50
259,CR_lounge_230110_1501.s3300_chunk24
260,CR_lounge_230110_1501.s3300_chunk61
261,CR_lounge_230110_1501.s3300_chunk70
262,CR_lounge_220110_0731.s2100_chunk24
263,CR_lounge_220110_0731.s2100_chunk3
264,CR_lounge_220110_0731.s2100_chunk72
265,CR_lounge_220110_0731.s2100_chunk69
266,CR_lounge_220110_0731.s2100_chunk18
267,CR_lounge_220110_0731.s2100_chunk67
268,CR_lounge_220110_0731.s2100_chunk25
269,CR_lounge_220110_0731.s2100_chunk10
270,CR_lounge_220110_0731.s2100_chunk43
271,CR_lounge_220110_0731.s2100_chunk59
272,CR_lounge_220110_0731.s2100_chunk23
273,CR_lounge_220110_0731.s2100_chunk46
274,CR_lounge_220110_0731.s2100_chunk7
275,CR_lounge_220110_0731.s2100_chunk44
276,CR_lounge_220110_0731.s2100_chunk34
277,CR_lounge_220110_0731.s2100_chunk32
278,CR_lounge_220110_0731.s2100_chunk56
279,CR_lounge_220110_0731.s2100_chunk61
280,CR_lounge_220110_0731.s2100_chunk26
281,CR_lounge_220110_0731.s2100_chunk37
282,CR_lounge_220110_0731.s2100_chunk12
283,CR_lounge_220110_0731.s2100_chunk22
284,CR_lounge_220110_0731.s2100_chunk4
285,CR_lounge_220110_0731.s2100_chunk21
286,CR_lounge_220110_0731.s2100_chunk49
287,CR_lounge_220110_0731.s2100_chunk39
288,CR_lounge_220110_0731.s2100_chunk74
289,CR_lounge_220110_0731.s2100_chunk5
290,CR_lounge_220110_0731.s2100_chunk47
291,CR_lounge_220110_0731.s2100_chunk62
292,CR_lounge_220110_0731.s2100_chunk40
293,CR_lounge_200110_1601.s300_chunk41
294,CR_lounge_200110_1601.s300_chunk72
295,CR_lounge_200110_1601.s300_chunk43
296,CR_lounge_200110_1601.s300_chunk59
297,CR_lounge_200110_1601.s300_chunk50
298,CR_lounge_200110_1601.s300_chunk52
299,CR_lounge_200110_1601.s300_chunk63
300,CR_lounge_200110_1601.s300_chunk66
301,CR_lounge_200110_1601.s300_chunk69
302,CR_lounge_200110_1601.s300_chunk36
303,CR_lounge_200110_1601.s300_chunk67
304,CR_lounge_200110_1601.s300_chunk68
305,CR_lounge_200110_1601.s300_chunk2
306,CR_lounge_200110_1601.s300_chunk38
307,CR_lounge_200110_1601.s300_chunk42
308,CR_lounge_200110_1601.s300_chunk65
309,CR_lounge_200110_1601.s300_chunk10
310,CR_lounge_200110_1601.s300_chunk58
311,CR_lounge_200110_1601.s300_chunk61
312,CR_lounge_200110_1601.s300_chunk55
313,CR_lounge_200110_1601.s300_chunk71
314,CR_lounge_200110_1601.s300_chunk60
315,CR_lounge_200110_1601.s300_chunk39
316,CR_lounge_200110_1601.s300_chunk74
317,CR_lounge_200110_1601.s300_chunk53
318,CR_lounge_200110_1601.s300_chunk1
319,CR_lounge_230110_1501.s2100_chunk39
320,CR_lounge_230110_1501.s2100_chunk11
321,CR_lounge_230110_1501.s2100_chunk28
322,CR_lounge_230110_1501.s2100_chunk14
323,CR_lounge_230110_1501.s2100_chunk35
324,CR_lounge_230110_1501.s2100_chunk59
325,CR_lounge_230110_1501.s2100_chunk61
326,CR_lounge_230110_1501.s2100_chunk31
327,CR_lounge_230110_1501.s2100_chunk1
328,CR_lounge_230110_1501.s2100_chunk51
329,CR_lounge_230110_1501.s2100_chunk56
330,CR_lounge_230110_1501.s2100_chunk72
331,CR_lounge_230110_1501.s2100_chunk42
332,CR_lounge_230110_1501.s2100_chunk23
333,CR_lounge_230110_1501.s2100_chunk63
334,CR_lounge_230110_1501.s2100_chunk60
335,CR_lounge_230110_1501.s2100_chunk33
336,CR_lounge_230110_1501.s2100_chunk41
337,CR_lounge_230110_1501.s2100_chunk27
338,CR_lounge_230110_1501.s2100_chunk67
339,CR_lounge_230110_1501.s2100_chunk22
340,CR_lounge_230110_1501.s2100_chunk53
341,CR_lounge_230110_1501.s2100_chunk34
342,CR_lounge_230110_1501.s2100_chunk5
343,CR_lounge_230110_1501.s2100_chunk49
344,CR_lounge_230110_1501.s2100_chunk70
345,CR_lounge_230110_1501.s2100_chunk54
346,CR_lounge_230110_1501.s2100_chunk50
347,CR_lounge_230110_1501.s2100_chunk66
348,CR_lounge_230110_1501.s2100_chunk3
349,CR_lounge_230110_1501.s2100_chunk0
350,CR_lounge_230110_1501.s2100_chunk7
351,CR_lounge_230110_1501.s2100_chunk65
352,CR_lounge_230110_1501.s2100_chunk62
353,CR_lounge_230110_1501.s2100_chunk2
354,CR_lounge_230110_1501.s2100_chunk48
355,CR_lounge_230110_1501.s2100_chunk57
356,CR_lounge_230110_1501.s2100_chunk52
357,CR_lounge_230110_1501.s2100_chunk74
358,CR_lounge_230110_1501.s2100_chunk30
359,CR_lounge_230110_1501.s2100_chunk6
360,CR_lounge_230110_1501.s2100_chunk58
361,CR_lounge_230110_1501.s2100_chunk32
362,CR_lounge_230110_1501.s2100_chunk38
363,CR_lounge_230110_1501.s2100_chunk29
364,CR_lounge_200110_1601.s2100_chunk2
365,CR_lounge_200110_1601.s2100_chunk45
366,CR_lounge_200110_1601.s2100_chunk37
367,CR_lounge_200110_1601.s2100_chunk25
368,CR_lounge_200110_1601.s2100_chunk31
369,CR_lounge_200110_1601.s2100_chunk34
370,CR_lounge_200110_1601.s2100_chunk74
371,CR_lounge_200110_1601.s2100_chunk38
372,CR_lounge_200110_1601.s2100_chunk11
373,CR_lounge_200110_1601.s2100_chunk9
374,CR_lounge_200110_1601.s2100_chunk70
375,CR_lounge_200110_1601.s2100_chunk28
376,CR_lounge_200110_1601.s2100_chunk4
377,CR_lounge_200110_1601.s2100_chunk6
378,CR_lounge_200110_1601.s2100_chunk46
379,CR_lounge_200110_1601.s2100_chunk24
380,CR_lounge_200110_1601.s2100_chunk12
381,CR_lounge_200110_1601.s2100_chunk50
382,CR_lounge_200110_1601.s2100_chunk47
383,CR_lounge_200110_1601.s2100_chunk42
384,CR_lounge_200110_1601.s2100_chunk51
385,CR_lounge_200110_1601.s2100_chunk39
386,CR_lounge_200110_1601.s2100_chunk73
387,CR_lounge_200110_1601.s2100_chunk14
388,CR_lounge_200110_1601.s2100_chunk22
389,CR_lounge_200110_1601.s2100_chunk16
390,CR_lounge_200110_1601.s2100_chunk32
391,CR_lounge_200110_1601.s2100_chunk3
392,CR_lounge_200110_1601.s2100_chunk27
393,CR_lounge_200110_1601.s2100_chunk23
394,CR_lounge_200110_1601.s2100_chunk8
395,CR_lounge_200110_1601.s2100_chunk19
396,CR_lounge_200110_1601.s2100_chunk15
397,CR_lounge_200110_1601.s2100_chunk5
398,CR_lounge_200110_1601.s2100_chunk33
399,CR_lounge_200110_1601.s2100_chunk29
400,CR_lounge_200110_1601.s2100_chunk10
401,CR_lounge_200110_1601.s2100_chunk71
402,CR_lounge_200110_1601.s2100_chunk20
403,CR_lounge_200110_1601.s2100_chunk41
404,CR_lounge_200110_1601.s2100_chunk36
405,CR_lounge_200110_1601.s2100_chunk13
406,CR_lounge_200110_1601.s2100_chunk1
407,CR_lounge_200110_1601.s2100_chunk43
408,CR_lounge_200110_1601.s2100_chunk44
409,CR_lounge_200110_1601.s2100_chunk49
410,CR_lounge_200110_1601.s2100_chunk35
411,CR_lounge_230110_1036.s2700_chunk6
412,CR_lounge_230110_1036.s2700_chunk72
413,CR_lounge_230110_1036.s2700_chunk57
414,CR_lounge_230110_1036.s2700_chunk50
415,CR_lounge_230110_1036.s2700_chunk39
416,CR_lounge_230110_1036.s2700_chunk42
417,CR_lounge_230110_1036.s2700_chunk47
418,CR_lounge_230110_1036.s2700_chunk1
419,CR_lounge_230110_1036.s2700_chunk48
420,CR_lounge_230110_1036.s2700_chunk4
421,CR_lounge_230110_1036.s2700_chunk69
422,CR_lounge_230110_1036.s2700_chunk19
423,CR_lounge_230110_1036.s2700_chunk30
424,CR_lounge_230110_1036.s2700_chunk32
425,CR_lounge_230110_1036.s2700_chunk56
426,CR_lounge_230110_1036.s2700_chunk49
427,CR_lounge_230110_1036.s2700_chunk71
428,CR_lounge_230110_1036.s2700_chunk40
429,CR_lounge_230110_1036.s2700_chunk43
430,CR_lounge_230110_1036.s2700_chunk41
431,CR_lounge_230110_1036.s2700_chunk55
432,CR_lounge_230110_1036.s2700_chunk17
433,CR_lounge_230110_1036.s2700_chunk68
434,CR_lounge_230110_1036.s2700_chunk15
435,CR_lounge_230110_1036.s2700_chunk26
436,CR_lounge_230110_1036.s2700_chunk62
437,CR_lounge_230110_1036.s2700_chunk59
438,CR_lounge_230110_1036.s2700_chunk45
439,CR_lounge_230110_1036.s2700_chunk73
440,CR_lounge_230110_1036.s2700_chunk23
441,CR_lounge_230110_1036.s2700_chunk16
442,CR_lounge_230110_1036.s2700_chunk64
443,CR_lounge_230110_1036.s2700_chunk61
444,CR_lounge_230110_1036.s2700_chunk28
445,CR_lounge_230110_1036.s2700_chunk52
446,CR_lounge_230110_1036.s2700_chunk7
447,CR_lounge_230110_1036.s2700_chunk63
448,CR_lounge_230110_1036.s2700_chunk27
449,CR_lounge_230110_1036.s2700_chunk18
450,CR_lounge_230110_1036.s2700_chunk44
451,CR_lounge_230110_1036.s2700_chunk38
452,CR_lounge_230110_1036.s2700_chunk22
453,CR_lounge_230110_1036.s2700_chunk53
454,CR_lounge_230110_1036.s2700_chunk46
455,CR_lounge_230110_1036.s2700_chunk60
456,CR_lounge_230110_1036.s2700_chunk37
457,CR_lounge_230110_1501.s1200_chunk15
458,CR_lounge_230110_1501.s1200_chunk54
459,CR_lounge_230110_1501.s1200_chunk11
460,CR_lounge_230110_1501.s1200_chunk28
461,CR_lounge_230110_1501.s1200_chunk62
462,CR_lounge_230110_1501.s1200_chunk46
463,CR_lounge_230110_1501.s1200_chunk52
464,CR_lounge_230110_1501.s1200_chunk60
465,CR_lounge_230110_1501.s1200_chunk9
466,CR_lounge_230110_1501.s1200_chunk56
467,CR_lounge_230110_1501.s1200_chunk73
468,CR_lounge_230110_1036.s1800_chunk5
469,CR_lounge_230110_1036.s1800_chunk15
470,CR_lounge_230110_1036.s1800_chunk33
471,CR_lounge_230110_1036.s1800_chunk21
472,CR_lounge_230110_1036.s1800_chunk20
473,CR_lounge_230110_1036.s1800_chunk36
474,CR_lounge_230110_1036.s1800_chunk63
475,CR_lounge_230110_1036.s1800_chunk60
476,CR_lounge_230110_1036.s1800_chunk69
477,CR_lounge_230110_1036.s1800_chunk25
478,CR_lounge_230110_1036.s1800_chunk6
479,CR_lounge_230110_1036.s1800_chunk44
480,CR_lounge_230110_1036.s1800_chunk43
481,CR_lounge_230110_1036.s1800_chunk41
482,CR_lounge_230110_1036.s1800_chunk65
483,CR_lounge_230110_1036.s1800_chunk4
484,CR_lounge_230110_1036.s1800_chunk13
485,CR_lounge_230110_1036.s1800_chunk47
486,CR_lounge_230110_1036.s1800_chunk7
487,CR_lounge_230110_1036.s1800_chunk67
488,CR_lounge_230110_1036.s1800_chunk64
489,CR_lounge_230110_1036.s1800_chunk74
490,CR_lounge_230110_1036.s1800_chunk49
491,CR_lounge_230110_1036.s1800_chunk56
492,CR_lounge_230110_1036.s1800_chunk16
493,CR_lounge_230110_1036.s1800_chunk42
494,CR_lounge_230110_1036.s1800_chunk31
495,CR_lounge_230110_1036.s1800_chunk28
496,CR_lounge_230110_1036.s1800_chunk55
497,CR_lounge_230110_1036.s1800_chunk68
498,CR_lounge_230110_1036.s1800_chunk14
499,CR_lounge_230110_1036.s1800_chunk37
500,CR_lounge_230110_1036.s1800_chunk29
501,CR_lounge_230110_1501.s2700_chunk69
502,CR_lounge_230110_1501.s2700_chunk39
503,CR_lounge_230110_1501.s2700_chunk17
504,CR_lounge_230110_1501.s2700_chunk50
505,CR_lounge_230110_1501.s2700_chunk70
506,CR_lounge_230110_1501.s2700_chunk61
507,CR_lounge_230110_1501.s2700_chunk24
508,CR_lounge_230110_1501.s2700_chunk20
509,CR_lounge_230110_1501.s2700_chunk63
510,CR_lounge_230110_1501.s2700_chunk14
511,CR_lounge_230110_1501.s2700_chunk23
512,CR_lounge_230110_1501.s2700_chunk8
513,CR_lounge_230110_1501.s2700_chunk52
514,CR_lounge_230110_1501.s2700_chunk51
515,CR_lounge_230110_1501.s2700_chunk26
516,CR_lounge_230110_1501.s2700_chunk16
517,CR_lounge_230110_1501.s2700_chunk19
518,CR_lounge_230110_1501.s2700_chunk59
519,CR_lounge_230110_1501.s2700_chunk62
520,CR_lounge_230110_1501.s2700_chunk66
521,CR_lounge_230110_1501.s2700_chunk45
522,CR_lounge_230110_1501.s2700_chunk30
523,CR_lounge_230110_1501.s2700_chunk55
524,CR_lounge_230110_1501.s2700_chunk43
525,CR_lounge_230110_1501.s2700_chunk74
526,CR_lounge_230110_1501.s2700_chunk49
527,CR_lounge_230110_1501.s2700_chunk35
528,CR_lounge_230110_1501.s2700_chunk73
529,CR_lounge_230110_1501.s2700_chunk53
530,CR_lounge_230110_1501.s2700_chunk5
531,CR_lounge_230110_1501.s2700_chunk64
532,CR_lounge_230110_1501.s2700_chunk21
533,CR_lounge_230110_1501.s2700_chunk18
534,CR_lounge_230110_1501.s2700_chunk60
535,CR_lounge_230110_1501.s2700_chunk9
536,CR_lounge_230110_1501.s2700_chunk38
537,CR_lounge_270110_1632.s2100_chunk29
538,CR_lounge_270110_1632.s2100_chunk36
539,CR_lounge_270110_1632.s2100_chunk42
540,CR_lounge_270110_1632.s2100_chunk13
541,CR_lounge_270110_1632.s2100_chunk10
542,CR_lounge_270110_1632.s2100_chunk61
543,CR_lounge_270110_1632.s2100_chunk2
544,CR_lounge_270110_1632.s2100_chunk53
545,CR_lounge_270110_1632.s2100_chunk64
546,CR_lounge_270110_1632.s2100_chunk60
547,CR_lounge_270110_1632.s2100_chunk45
548,CR_lounge_270110_1632.s2100_chunk58
549,CR_lounge_270110_1632.s2100_chunk62
550,CR_lounge_270110_1632.s2100_chunk12
551,CR_lounge_270110_1632.s2100_chunk4
552,CR_lounge_270110_1632.s2100_chunk51
553,CR_lounge_270110_1632.s2100_chunk66
554,CR_lounge_270110_1632.s2100_chunk3
555,CR_lounge_270110_1632.s2100_chunk71
556,CR_lounge_270110_1632.s2100_chunk52
557,CR_lounge_270110_1632.s2100_chunk57
558,CR_lounge_270110_1632.s2100_chunk22
559,CR_lounge_270110_1632.s2100_chunk68
560,CR_lounge_270110_1632.s2100_chunk15
561,CR_lounge_270110_1632.s2100_chunk6
562,CR_lounge_200110_1601.s3900_chunk15
563,CR_lounge_200110_1601.s3900_chunk5
564,CR_lounge_200110_1601.s3900_chunk42
565,CR_lounge_200110_1601.s3900_chunk1
566,CR_lounge_200110_1601.s3900_chunk25
567,CR_lounge_200110_1601.s3900_chunk0
568,CR_lounge_200110_1601.s3900_chunk45
569,CR_lounge_200110_1601.s3900_chunk18
570,CR_lounge_200110_1601.s3900_chunk16
571,CR_lounge_200110_1601.s3900_chunk8
572,CR_lounge_200110_1601.s3900_chunk14
573,CR_lounge_200110_1601.s3900_chunk31
574,CR_lounge_200110_1601.s3900_chunk48
575,CR_lounge_200110_1601.s3900_chunk41
576,CR_lounge_200110_1601.s3900_chunk24
577,CR_lounge_200110_1601.s3900_chunk36
578,CR_lounge_200110_1601.s3900_chunk44
579,CR_lounge_200110_1601.s3900_chunk13
580,CR_lounge_200110_1601.s3900_chunk32
581,CR_lounge_200110_1601.s3900_chunk35
582,CR_lounge_200110_1601.s3900_chunk21
583,CR_lounge_200110_1601.s3900_chunk37
584,CR_lounge_200110_1601.s3900_chunk19
585,CR_lounge_200110_1601.s3900_chunk6
586,CR_lounge_200110_1601.s3900_chunk46
587,CR_lounge_200110_1601.s3900_chunk34
588,CR_lounge_200110_1601.s3900_chunk49
589,CR_lounge_200110_1601.s3900_chunk22
590,CR_lounge_200110_1601.s3900_chunk38
591,CR_lounge_200110_1601.s3900_chunk17
592,CR_lounge_200110_1601.s3900_chunk26
593,CR_lounge_200110_1601.s3900_chunk4
594,CR_lounge_200110_1601.s3900_chunk39
595,CR_lounge_200110_1601.s3900_chunk20
596,CR_lounge_200110_1601.s3900_chunk40
597,CR_lounge_230110_1501.s300_chunk0
598,CR_lounge_230110_1501.s300_chunk24
599,CR_lounge_230110_1501.s300_chunk28
600,CR_lounge_230110_1501.s300_chunk58
601,CR_lounge_230110_1501.s300_chunk52
602,CR_lounge_230110_1501.s300_chunk47
603,CR_lounge_230110_1501.s300_chunk3
604,CR_lounge_230110_1501.s300_chunk12
605,CR_lounge_230110_1501.s300_chunk23
606,CR_lounge_230110_1501.s300_chunk44
607,CR_lounge_230110_1501.s300_chunk14
608,CR_lounge_230110_1501.s300_chunk36
609,CR_lounge_230110_1501.s300_chunk2
610,CR_lounge_230110_1501.s300_chunk15
611,CR_lounge_230110_1501.s300_chunk20
612,CR_lounge_230110_1501.s300_chunk25
613,CR_lounge_230110_1501.s300_chunk41
614,CR_lounge_230110_1501.s300_chunk67
615,CR_lounge_230110_1501.s300_chunk59
616,CR_lounge_230110_1501.s300_chunk73
617,CR_lounge_230110_1501.s300_chunk13
618,CR_lounge_230110_1501.s300_chunk22
619,CR_lounge_230110_1501.s300_chunk27
620,CR_lounge_230110_1501.s300_chunk61
621,CR_lounge_270110_1632.s900_chunk28
622,CR_lounge_270110_1632.s900_chunk31
623,CR_lounge_270110_1632.s900_chunk59
624,CR_lounge_270110_1632.s900_chunk5
625,CR_lounge_270110_1632.s900_chunk34
626,CR_lounge_270110_1632.s900_chunk10
627,CR_lounge_270110_1632.s900_chunk72
628,CR_lounge_270110_1632.s900_chunk24
629,CR_lounge_270110_1632.s900_chunk0
630,CR_lounge_270110_1632.s900_chunk54
631,CR_lounge_270110_1632.s900_chunk42
632,CR_lounge_270110_1632.s900_chunk33
633,CR_lounge_270110_1632.s900_chunk2
634,CR_lounge_270110_1632.s900_chunk36
635,CR_lounge_270110_1632.s900_chunk74
636,CR_lounge_270110_1632.s900_chunk50
637,CR_lounge_270110_1632.s900_chunk14
638,CR_lounge_270110_1632.s900_chunk18
639,CR_lounge_270110_1632.s900_chunk22
640,CR_lounge_270110_1632.s900_chunk55
641,CR_lounge_270110_1632.s900_chunk71
642,CR_lounge_270110_1632.s900_chunk19
643,CR_lounge_270110_1632.s900_chunk60
644,CR_lounge_270110_1632.s900_chunk58
645,CR_lounge_270110_1632.s900_chunk48
646,CR_lounge_270110_1632.s900_chunk73
647,CR_lounge_270110_1632.s900_chunk68
648,CR_lounge_270110_1632.s900_chunk30
649,CR_lounge_270110_1632.s900_chunk11
650,CR_lounge_270110_1632.s900_chunk9
651,CR_lounge_270110_1632.s900_chunk40
652,CR_lounge_270110_1632.s900_chunk26
653,CR_lounge_270110_1632.s900_chunk32
654,CR_lounge_210110_0739.s1800_chunk21
655,CR_lounge_210110_0739.s1800_chunk38
656,CR_lounge_210110_0739.s1800_chunk67
657,CR_lounge_210110_0739.s1800_chunk46
658,CR_lounge_210110_0739.s1800_chunk31
659,CR_lounge_210110_0739.s1800_chunk50
660,CR_lounge_210110_0739.s1800_chunk7
661,CR_lounge_210110_0739.s1800_chunk23
662,CR_lounge_210110_0739.s1800_chunk37
663,CR_lounge_210110_0739.s1800_chunk8
664,CR_lounge_200110_1601.s3000_chunk23
665,CR_lounge_200110_1601.s3000_chunk30
666,CR_lounge_200110_1601.s3000_chunk57
667,CR_lounge_200110_1601.s3000_chunk8
668,CR_lounge_200110_1601.s3000_chunk7
669,CR_lounge_200110_1601.s3000_chunk31
670,CR_lounge_200110_1601.s3000_chunk69
671,CR_lounge_200110_1601.s3000_chunk67
672,CR_lounge_200110_1601.s3000_chunk16
673,CR_lounge_200110_1601.s3000_chunk36
674,CR_lounge_200110_1601.s3000_chunk64
675,CR_lounge_200110_1601.s3000_chunk63
676,CR_lounge_200110_1601.s3000_chunk58
677,CR_lounge_200110_1601.s3000_chunk28
678,CR_lounge_200110_1601.s3000_chunk50
679,CR_lounge_200110_1601.s3000_chunk74
680,CR_lounge_200110_1601.s3000_chunk13
681,CR_lounge_200110_1601.s3000_chunk37
682,CR_lounge_200110_1601.s3000_chunk47
683,CR_lounge_200110_1601.s3000_chunk19
684,CR_lounge_200110_1601.s3000_chunk33
685,CR_lounge_200110_1601.s3000_chunk42
686,CR_lounge_200110_1601.s3000_chunk62
687,CR_lounge_200110_1601.s3000_chunk27
688,CR_lounge_200110_1601.s3000_chunk44
689,CR_lounge_200110_1601.s3000_chunk3
690,CR_lounge_200110_1601.s3000_chunk14
691,CR_lounge_200110_1601.s3000_chunk1
692,CR_lounge_200110_1601.s3000_chunk12
693,CR_lounge_200110_1601.s3000_chunk60
694,CR_lounge_200110_1601.s3000_chunk34
695,CR_lounge_200110_1601.s3000_chunk70
696,CR_lounge_200110_1601.s3000_chunk0
697,CR_lounge_200110_1601.s3000_chunk24
698,CR_lounge_200110_1601.s3000_chunk59
699,CR_lounge_200110_1601.s3000_chunk4
700,CR_lounge_200110_1601.s3000_chunk18
701,CR_lounge_200110_1601.s3000_chunk56
702,CR_lounge_200110_1601.s3000_chunk61
703,CR_lounge_200110_1601.s3000_chunk51
704,CR_lounge_200110_1601.s3000_chunk49
705,CR_lounge_200110_1601.s3000_chunk15
706,CR_lounge_200110_1601.s3000_chunk22
707,CR_lounge_200110_1601.s3000_chunk40
708,CR_lounge_200110_1601.s3000_chunk10
709,CR_lounge_200110_1601.s3000_chunk65
710,CR_lounge_200110_1601.s3000_chunk43
711,CR_lounge_200110_1601.s3000_chunk46
712,CR_lounge_200110_1601.s3000_chunk17
713,CR_lounge_200110_1601.s3000_chunk71
714,CR_lounge_200110_1601.s3000_chunk2
715,CR_lounge_200110_1601.s3000_chunk6
716,CR_lounge_200110_1601.s3000_chunk38
717,CR_lounge_200110_1601.s3000_chunk32
718,CR_lounge_200110_1601.s3000_chunk9
719,CR_lounge_200110_1601.s3000_chunk11
720,CR_lounge_200110_1601.s3000_chunk20
721,CR_lounge_200110_1601.s3000_chunk68
722,CR_lounge_200110_1601.s3000_chunk45
723,CR_lounge_200110_1601.s3000_chunk21
724,CR_lounge_200110_1601.s3000_chunk29
725,CR_lounge_200110_1601.s3000_chunk52
726,CR_lounge_200110_1601.s3000_chunk5
727,CR_lounge_200110_1601.s3000_chunk25
728,CR_lounge_230110_1036.s0_chunk14
729,CR_lounge_230110_1036.s0_chunk4
730,CR_lounge_230110_1036.s0_chunk2
731,CR_lounge_230110_1036.s0_chunk33
732,CR_lounge_230110_1036.s0_chunk20
733,CR_lounge_230110_1036.s0_chunk46
734,CR_lounge_230110_1036.s0_chunk64
735,CR_lounge_230110_1036.s0_chunk56
736,CR_lounge_230110_1036.s0_chunk32
737,CR_lounge_230110_1036.s0_chunk60
738,CR_lounge_230110_1036.s0_chunk36
739,CR_lounge_230110_1036.s0_chunk29
740,CR_lounge_230110_1036.s0_chunk22
741,CR_lounge_230110_1036.s0_chunk43
742,CR_lounge_230110_1036.s0_chunk42
743,CR_lounge_230110_1036.s0_chunk66
744,CR_lounge_230110_1036.s0_chunk9
745,CR_lounge_230110_1036.s0_chunk58
746,CR_lounge_230110_1036.s0_chunk48
747,CR_lounge_230110_1036.s0_chunk19
748,CR_lounge_230110_1036.s0_chunk10
749,CR_lounge_230110_1036.s0_chunk61
750,CR_lounge_230110_1036.s0_chunk72
751,CR_lounge_230110_1036.s0_chunk45
752,CR_lounge_230110_1036.s0_chunk30
753,CR_lounge_230110_1036.s0_chunk63
754,CR_lounge_230110_1036.s0_chunk69
755,CR_lounge_230110_1036.s0_chunk26
756,CR_lounge_230110_1036.s0_chunk57
757,CR_lounge_230110_1036.s0_chunk47
758,CR_lounge_230110_1036.s0_chunk71
759,CR_lounge_230110_1036.s0_chunk67
760,CR_lounge_230110_1036.s0_chunk65
761,CR_lounge_230110_1036.s0_chunk41
762,CR_lounge_230110_1036.s0_chunk39
763,CR_lounge_230110_1036.s0_chunk62
764,CR_lounge_230110_1036.s0_chunk49
765,CR_lounge_230110_1036.s0_chunk35
766,CR_lounge_230110_1036.s0_chunk3
767,CR_lounge_230110_1036.s0_chunk21
768,CR_lounge_230110_1036.s0_chunk8
769,CR_lounge_230110_1036.s0_chunk11
770,CR_lounge_230110_1036.s0_chunk17
771,CR_lounge_230110_1036.s0_chunk59
772,CR_lounge_230110_1036.s300_chunk40
773,CR_lounge_230110_1036.s300_chunk22
774,CR_lounge_230110_1036.s300_chunk71
775,CR_lounge_230110_1036.s300_chunk47
776,CR_lounge_230110_1036.s300_chunk1
777,CR_lounge_230110_1036.s300_chunk4
778,CR_lounge_230110_1036.s300_chunk42
779,CR_lounge_230110_1036.s300_chunk18
780,CR_lounge_230110_1036.s300_chunk48
781,CR_lounge_230110_1036.s300_chunk60
782,CR_lounge_230110_1036.s300_chunk12
783,CR_lounge_230110_1036.s300_chunk14
784,CR_lounge_230110_1036.s300_chunk23
785,CR_lounge_230110_1036.s300_chunk7
786,CR_lounge_230110_1036.s300_chunk39
787,CR_lounge_230110_1036.s300_chunk24
788,CR_lounge_230110_1036.s300_chunk56
789,CR_lounge_230110_1036.s300_chunk13
790,CR_lounge_230110_1036.s300_chunk8
791,CR_lounge_230110_1036.s300_chunk5
792,CR_lounge_230110_1036.s300_chunk0
793,CR_lounge_230110_1036.s300_chunk17
794,CR_lounge_230110_1036.s300_chunk3
795,CR_lounge_230110_1036.s300_chunk20
796,CR_lounge_230110_1036.s300_chunk6
797,CR_lounge_230110_1036.s300_chunk2
798,CR_lounge_230110_1036.s300_chunk46
799,CR_lounge_230110_1036.s300_chunk61
800,CR_lounge_210110_0739.s2100_chunk7
801,CR_lounge_210110_0739.s2100_chunk38
802,CR_lounge_210110_0739.s2100_chunk66
803,CR_lounge_210110_0739.s2100_chunk8
804,CR_lounge_210110_0739.s2100_chunk63
805,CR_lounge_210110_0739.s2100_chunk40
806,CR_lounge_210110_0739.s2100_chunk17
807,CR_lounge_210110_0739.s2100_chunk29
808,CR_lounge_210110_0739.s2100_chunk30
809,CR_lounge_210110_0739.s2100_chunk50
810,CR_lounge_210110_0739.s2100_chunk33
811,CR_lounge_210110_0739.s2100_chunk58
812,CR_lounge_210110_0739.s2100_chunk51
813,CR_lounge_210110_0739.s2100_chunk1
814,CR_lounge_210110_0739.s2100_chunk48
815,CR_lounge_210110_0739.s2100_chunk57
816,CR_lounge_210110_0739.s2100_chunk52
817,CR_lounge_210110_0739.s2100_chunk70
818,CR_lounge_210110_0739.s2100_chunk74
819,CR_lounge_210110_0739.s2100_chunk71
820,CR_lounge_210110_0739.s2100_chunk37
821,CR_lounge_210110_0739.s2100_chunk54
822,CR_lounge_210110_0739.s2100_chunk46
823,CR_lounge_210110_0739.s2100_chunk44
824,CR_lounge_210110_0739.s2100_chunk9
825,CR_lounge_210110_0739.s2100_chunk19
826,CR_lounge_210110_0739.s2100_chunk56
827,CR_lounge_210110_0739.s2100_chunk27
828,CR_lounge_210110_0739.s2100_chunk41
829,CR_lounge_210110_0739.s2100_chunk60
830,CR_lounge_210110_0739.s1500_chunk70
831,CR_lounge_210110_0739.s1500_chunk4
832,CR_lounge_210110_0739.s1500_chunk3
833,CR_lounge_210110_0739.s1500_chunk0
834,CR_lounge_210110_0739.s1500_chunk58
835,CR_lounge_210110_0739.s1500_chunk29
836,CR_lounge_210110_0739.s1500_chunk6
837,CR_lounge_210110_0739.s1500_chunk68
838,CR_lounge_210110_0739.s1500_chunk62
839,CR_lounge_210110_0739.s1500_chunk5
840,CR_lounge_210110_0739.s1500_chunk16
841,CR_lounge_210110_0739.s1500_chunk8
842,CR_lounge_210110_0739.s1500_chunk22
843,CR_lounge_210110_0739.s1500_chunk66
844,CR_lounge_210110_0739.s1500_chunk69
845,CR_lounge_210110_0739.s1500_chunk10
846,CR_lounge_210110_0739.s1500_chunk67
847,CR_lounge_210110_0739.s1500_chunk33
848,CR_lounge_210110_0739.s1500_chunk2
849,CR_lounge_210110_0739.s1500_chunk59
850,CR_lounge_210110_0739.s1500_chunk1
851,CR_lounge_210110_0739.s1500_chunk72
852,CR_lounge_210110_0739.s1500_chunk18
853,CR_lounge_210110_0739.s1500_chunk71
854,CR_lounge_220110_0731.s1500_chunk60
855,CR_lounge_220110_0731.s1500_chunk22
856,CR_lounge_220110_0731.s1500_chunk58
857,CR_lounge_220110_0731.s1500_chunk69
858,CR_lounge_220110_0731.s1500_chunk66
859,CR_lounge_220110_0731.s1500_chunk55
860,CR_lounge_220110_0731.s1500_chunk26
861,CR_lounge_220110_0731.s1500_chunk62
862,CR_lounge_220110_0731.s1500_chunk67
863,CR_lounge_220110_0731.s1500_chunk2
864,CR_lounge_220110_0731.s1500_chunk23
865,CR_lounge_220110_0731.s1500_chunk15
866,CR_lounge_220110_0731.s1500_chunk33
867,CR_lounge_220110_0731.s1500_chunk45
868,CR_lounge_220110_0731.s1500_chunk24
869,CR_lounge_220110_0731.s1500_chunk73
870,CR_lounge_220110_0731.s1500_chunk52
871,CR_lounge_220110_0731.s1500_chunk71
872,CR_lounge_220110_0731.s1500_chunk63
873,CR_lounge_220110_0731.s1500_chunk65
874,CR_lounge_220110_0731.s1500_chunk27
875,CR_lounge_220110_0731.s1500_chunk25
876,CR_lounge_220110_0731.s1500_chunk41
877,CR_lounge_220110_0731.s1500_chunk70
878,CR_lounge_220110_0731.s1500_chunk61
879,CR_lounge_220110_0731.s1500_chunk50
880,CR_lounge_220110_0731.s1500_chunk42
881,CR_lounge_220110_0731.s1500_chunk57
882,CR_lounge_220110_0731.s1500_chunk37
883,CR_lounge_220110_0731.s1500_chunk59
884,CR_lounge_220110_0731.s1500_chunk43
885,CR_lounge_220110_0731.s1500_chunk49
886,CR_lounge_220110_0731.s1500_chunk32
887,CR_lounge_220110_0731.s1500_chunk35
888,CR_lounge_220110_0731.s1500_chunk46
889,CR_lounge_220110_0731.s1500_chunk53
890,CR_lounge_220110_0731.s1500_chunk30
891,CR_lounge_220110_0731.s1500_chunk31
892,CR_lounge_220110_0731.s1500_chunk47
893,CR_lounge_220110_0731.s1500_chunk34
894,CR_lounge_220110_0731.s1500_chunk56
895,CR_lounge_220110_0731.s1500_chunk72
896,CR_lounge_220110_0731.s300_chunk62
897,CR_lounge_220110_0731.s300_chunk19
898,CR_lounge_220110_0731.s300_chunk43
899,CR_lounge_220110_0731.s300_chunk41
900,CR_lounge_220110_0731.s300_chunk64
901,CR_lounge_220110_0731.s300_chunk58
902,CR_lounge_220110_0731.s300_chunk72
903,CR_lounge_220110_0731.s300_chunk45
904,CR_lounge_220110_0731.s300_chunk69
905,CR_lounge_220110_0731.s300_chunk67
906,CR_lounge_220110_0731.s300_chunk36
907,CR_lounge_220110_0731.s300_chunk54
908,CR_lounge_220110_0731.s300_chunk10
909,CR_lounge_220110_0731.s300_chunk20
910,CR_lounge_220110_0731.s300_chunk37
911,CR_lounge_220110_0731.s300_chunk42
912,CR_lounge_220110_0731.s300_chunk50
913,CR_lounge_220110_0731.s300_chunk23
914,CR_lounge_220110_0731.s300_chunk33
915,CR_lounge_220110_0731.s300_chunk6
916,CR_lounge_220110_0731.s300_chunk38
917,CR_lounge_220110_0731.s300_chunk51
918,CR_lounge_220110_0731.s300_chunk70
919,CR_lounge_220110_0731.s300_chunk49
920,CR_lounge_220110_0731.s300_chunk34
921,CR_lounge_220110_0731.s300_chunk18
922,CR_lounge_220110_0731.s300_chunk68
923,CR_lounge_220110_0731.s300_chunk57
924,CR_lounge_220110_0731.s300_chunk52
925,CR_lounge_220110_0731.s300_chunk55
926,CR_lounge_220110_0731.s300_chunk16
927,CR_lounge_220110_0731.s300_chunk5
928,CR_lounge_220110_0731.s300_chunk39
929,CR_lounge_220110_0731.s300_chunk59
930,CR_lounge_220110_0731.s300_chunk53
931,CR_lounge_220110_0731.s300_chunk56
932,CR_lounge_220110_0731.s300_chunk74
933,CR_lounge_220110_0731.s300_chunk40
934,CR_lounge_220110_0731.s300_chunk48
935,CR_lounge_220110_0731.s300_chunk46
936,CR_lounge_220110_0731.s300_chunk4
937,CR_lounge_200110_1711.s1800_chunk55
938,CR_lounge_200110_1711.s1800_chunk6
939,CR_lounge_200110_1711.s1800_chunk28
940,CR_lounge_200110_1711.s1800_chunk46
941,CR_lounge_200110_1711.s1800_chunk0
942,CR_lounge_200110_1711.s1800_chunk24
943,CR_lounge_200110_1711.s1800_chunk30
944,CR_lounge_200110_1711.s1800_chunk44
945,CR_lounge_200110_1711.s1800_chunk34
946,CR_lounge_200110_1711.s1800_chunk16
947,CR_lounge_200110_1711.s1800_chunk1
948,CR_lounge_200110_1711.s1800_chunk13
949,CR_lounge_200110_1711.s1800_chunk2
950,CR_lounge_200110_1711.s1800_chunk51
951,CR_lounge_200110_1711.s1800_chunk48
952,CR_lounge_200110_1711.s1800_chunk49
953,CR_lounge_200110_1711.s1800_chunk45
954,CR_lounge_200110_1711.s1800_chunk50
955,CR_lounge_200110_1711.s1800_chunk27
956,CR_lounge_200110_1711.s1800_chunk32
957,CR_lounge_200110_1711.s1800_chunk52
958,CR_lounge_200110_1711.s1800_chunk22
959,CR_lounge_200110_1711.s1800_chunk41
960,CR_lounge_200110_1711.s1800_chunk5
961,CR_lounge_200110_1711.s1800_chunk33
962,CR_lounge_200110_1711.s1800_chunk35
963,CR_lounge_200110_1711.s1800_chunk7
964,CR_lounge_200110_1711.s1800_chunk36
965,CR_lounge_200110_1711.s1800_chunk11
966,CR_lounge_200110_1711.s1800_chunk3
967,CR_lounge_200110_1711.s1800_chunk21
968,CR_lounge_220110_0731.s3000_chunk16
969,CR_lounge_220110_0731.s3000_chunk57
970,CR_lounge_220110_0731.s3000_chunk41
971,CR_lounge_220110_0731.s3000_chunk25
972,CR_lounge_220110_0731.s3000_chunk62
973,CR_lounge_220110_0731.s3000_chunk8
974,CR_lounge_220110_0731.s3000_chunk59
975,CR_lounge_220110_0731.s3000_chunk66
976,CR_lounge_220110_0731.s3000_chunk52
977,CR_lounge_220110_0731.s3000_chunk32
978,CR_lounge_220110_0731.s3000_chunk64
979,CR_lounge_220110_0731.s3000_chunk29
980,CR_lounge_220110_0731.s3000_chunk63
981,CR_lounge_220110_0731.s3000_chunk35
982,CR_lounge_220110_0731.s3000_chunk27
983,CR_lounge_220110_0731.s3000_chunk53
984,CR_lounge_220110_0731.s3000_chunk2
985,CR_lounge_220110_0731.s3000_chunk49
986,CR_lounge_220110_0731.s3000_chunk18
987,CR_lounge_220110_0731.s3000_chunk48
988,CR_lounge_220110_0731.s3000_chunk51
989,CR_lounge_220110_0731.s3000_chunk24
990,CR_lounge_220110_0731.s3000_chunk34
991,CR_lounge_220110_0731.s3000_chunk43
992,CR_lounge_220110_0731.s3000_chunk37
993,CR_lounge_220110_0731.s3000_chunk45
994,CR_lounge_200110_1711.s300_chunk14
995,CR_lounge_200110_1711.s300_chunk37
996,CR_lounge_200110_1711.s300_chunk38
997,CR_lounge_200110_1711.s300_chunk46
998,CR_lounge_200110_1711.s300_chunk53
999,CR_lounge_200110_1711.s300_chunk68
1000,CR_lounge_200110_1711.s300_chunk39
1001,CR_lounge_200110_1711.s300_chunk42
1002,CR_lounge_200110_1711.s300_chunk35
1003,CR_lounge_200110_1711.s300_chunk16
1004,CR_lounge_200110_1711.s300_chunk8
1005,CR_lounge_200110_1711.s300_chunk73
1006,CR_lounge_200110_1711.s300_chunk13
1007,CR_lounge_200110_1711.s300_chunk62
1008,CR_lounge_200110_1711.s300_chunk34
1009,CR_lounge_200110_1711.s300_chunk1
1010,CR_lounge_200110_1711.s300_chunk22
1011,CR_lounge_200110_1711.s300_chunk69
1012,CR_lounge_200110_1711.s300_chunk45
1013,CR_lounge_200110_1711.s300_chunk19
1014,CR_lounge_200110_1711.s300_chunk67
1015,CR_lounge_200110_1711.s300_chunk74
1016,CR_lounge_200110_1711.s300_chunk72
1017,CR_lounge_200110_1711.s300_chunk41
1018,CR_lounge_200110_1711.s300_chunk5
1019,CR_lounge_210110_0739.s600_chunk13
1020,CR_lounge_210110_0739.s600_chunk62
1021,CR_lounge_210110_0739.s600_chunk23
1022,CR_lounge_210110_0739.s600_chunk4
1023,CR_lounge_210110_0739.s600_chunk67
1024,CR_lounge_210110_0739.s600_chunk1
1025,CR_lounge_210110_0739.s600_chunk64
1026,CR_lounge_210110_0739.s600_chunk9
1027,CR_lounge_210110_0739.s600_chunk54
1028,CR_lounge_210110_0739.s600_chunk74
1029,CR_lounge_210110_0739.s600_chunk29
1030,CR_lounge_210110_0739.s600_chunk0
1031,CR_lounge_210110_0739.s600_chunk7
1032,CR_lounge_210110_0739.s600_chunk61
1033,CR_lounge_210110_0739.s600_chunk28
1034,CR_lounge_210110_0739.s600_chunk36
1035,CR_lounge_210110_0739.s600_chunk63
1036,CR_lounge_210110_0739.s600_chunk10
1037,CR_lounge_210110_0739.s600_chunk58
1038,CR_lounge_230110_1036.s900_chunk58
1039,CR_lounge_230110_1036.s900_chunk34
1040,CR_lounge_230110_1036.s900_chunk31
1041,CR_lounge_230110_1036.s900_chunk29
1042,CR_lounge_230110_1036.s900_chunk14
1043,CR_lounge_230110_1036.s900_chunk46
1044,CR_lounge_230110_1036.s900_chunk71
1045,CR_lounge_230110_1036.s900_chunk44
1046,CR_lounge_230110_1036.s900_chunk35
1047,CR_lounge_230110_1036.s900_chunk32
1048,CR_lounge_230110_1036.s900_chunk8
1049,CR_lounge_230110_1036.s900_chunk64
1050,CR_lounge_230110_1036.s900_chunk45
1051,CR_lounge_230110_1036.s900_chunk39
1052,CR_lounge_230110_1036.s900_chunk51
1053,CR_lounge_230110_1036.s900_chunk30
1054,CR_lounge_230110_1036.s900_chunk42
1055,CR_lounge_230110_1036.s900_chunk74
1056,CR_lounge_230110_1036.s900_chunk50
1057,CR_lounge_230110_1036.s900_chunk17
1058,CR_lounge_230110_1036.s900_chunk15
1059,CR_lounge_230110_1036.s900_chunk3
1060,CR_lounge_230110_1036.s900_chunk48
1061,CR_lounge_230110_1036.s900_chunk54
1062,CR_lounge_230110_1036.s900_chunk27
1063,CR_lounge_230110_1036.s900_chunk49
1064,CR_lounge_230110_1036.s900_chunk60
1065,CR_lounge_230110_1036.s900_chunk40
1066,CR_lounge_230110_1036.s900_chunk23
1067,CR_lounge_230110_1036.s900_chunk4
1068,CR_lounge_230110_1036.s900_chunk41
1069,CR_lounge_230110_1036.s900_chunk19
1070,CR_lounge_230110_1036.s900_chunk72
1071,CR_lounge_210110_0739.s1200_chunk1
1072,CR_lounge_210110_0739.s1200_chunk41
1073,CR_lounge_210110_0739.s1200_chunk43
1074,CR_lounge_210110_0739.s1200_chunk14
1075,CR_lounge_210110_0739.s1200_chunk22
1076,CR_lounge_210110_0739.s1200_chunk50
1077,CR_lounge_210110_0739.s1200_chunk57
1078,CR_lounge_210110_0739.s1200_chunk74
1079,CR_lounge_210110_0739.s1200_chunk72
1080,CR_lounge_210110_0739.s1200_chunk48
1081,CR_lounge_210110_0739.s1200_chunk54
1082,CR_lounge_210110_0739.s1200_chunk13
1083,CR_lounge_210110_0739.s1200_chunk47
1084,CR_lounge_210110_0739.s1200_chunk24
1085,CR_lounge_210110_0739.s1200_chunk67
1086,CR_lounge_210110_0739.s1200_chunk51
1087,CR_lounge_210110_0739.s1200_chunk61
1088,CR_lounge_210110_0739.s1200_chunk11
1089,CR_lounge_210110_0739.s1200_chunk19
1090,CR_lounge_210110_0739.s1200_chunk8
1091,CR_lounge_210110_0739.s1200_chunk16
1092,CR_lounge_210110_0739.s1200_chunk52
1093,CR_lounge_210110_0739.s1200_chunk66
1094,CR_lounge_210110_0739.s1200_chunk45
1095,CR_lounge_210110_0739.s1200_chunk9
1096,CR_lounge_210110_0739.s1200_chunk35
1097,CR_lounge_210110_0739.s1200_chunk33
1098,CR_lounge_210110_0739.s1200_chunk58
1099,CR_lounge_210110_0739.s1200_chunk7
1100,CR_lounge_210110_0739.s1200_chunk64
1101,CR_lounge_210110_0739.s1200_chunk26
1102,CR_lounge_210110_0739.s1200_chunk36
1103,CR_lounge_210110_0739.s1200_chunk62
1104,CR_lounge_210110_0739.s1200_chunk73
1105,CR_lounge_210110_0739.s1200_chunk6
1106,CR_lounge_210110_0739.s1200_chunk15
1107,CR_lounge_210110_0739.s1200_chunk2
1108,CR_lounge_210110_0739.s1200_chunk42
1109,CR_lounge_210110_0739.s1200_chunk68
1110,CR_lounge_210110_0739.s1200_chunk69
1111,CR_lounge_210110_0739.s1200_chunk49
1112,CR_lounge_210110_0739.s1200_chunk20
1113,CR_lounge_210110_0739.s1200_chunk60
1114,CR_lounge_210110_0739.s1200_chunk65
1115,CR_lounge_210110_0739.s1200_chunk34
1116,CR_lounge_210110_0739.s1200_chunk53
1117,CR_lounge_210110_0739.s1200_chunk63
1118,CR_lounge_210110_0739.s1200_chunk27
1119,CR_lounge_210110_0739.s1200_chunk23
1120,CR_lounge_210110_0739.s1200_chunk18
1121,CR_lounge_210110_0739.s1200_chunk25
1122,CR_lounge_210110_0739.s1200_chunk56
1123,CR_lounge_210110_0739.s1200_chunk4
1124,CR_lounge_210110_0739.s300_chunk44
1125,CR_lounge_210110_0739.s300_chunk1
1126,CR_lounge_210110_0739.s300_chunk73
1127,CR_lounge_210110_0739.s300_chunk47
1128,CR_lounge_210110_0739.s300_chunk55
1129,CR_lounge_210110_0739.s300_chunk57
1130,CR_lounge_210110_0739.s300_chunk0
1131,CR_lounge_210110_0739.s300_chunk4
1132,CR_lounge_210110_0739.s300_chunk18
1133,CR_lounge_210110_0739.s300_chunk12
1134,CR_lounge_210110_0739.s300_chunk3
1135,CR_lounge_210110_0739.s300_chunk7
1136,CR_lounge_210110_0739.s300_chunk50
1137,CR_lounge_210110_0739.s300_chunk9
1138,CR_lounge_210110_0739.s300_chunk61
1139,CR_lounge_210110_0739.s300_chunk2
1140,CR_lounge_210110_0739.s300_chunk42
1141,CR_lounge_210110_0739.s300_chunk5
1142,CR_lounge_210110_0739.s300_chunk64
1143,CR_lounge_210110_0739.s300_chunk32
1144,CR_lounge_210110_0739.s300_chunk38
1145,CR_lounge_210110_0739.s300_chunk63
1146,CR_lounge_210110_0739.s300_chunk10
1147,CR_lounge_210110_0739.s300_chunk34
1148,CR_lounge_210110_0739.s300_chunk6
1149,CR_lounge_210110_0739.s300_chunk39
1150,CR_lounge_210110_0739.s300_chunk35
1151,CR_lounge_210110_0739.s300_chunk53
1152,CR_lounge_210110_0739.s300_chunk36
1153,CR_lounge_210110_0739.s300_chunk59
1154,CR_lounge_210110_0739.s300_chunk26
1155,CR_lounge_210110_0739.s300_chunk19
1156,CR_lounge_210110_0739.s0_chunk20
1157,CR_lounge_210110_0739.s0_chunk51
1158,CR_lounge_210110_0739.s0_chunk14
1159,CR_lounge_210110_0739.s0_chunk60
1160,CR_lounge_210110_0739.s0_chunk15
1161,CR_lounge_210110_0739.s0_chunk35
1162,CR_lounge_210110_0739.s0_chunk55
1163,CR_lounge_210110_0739.s0_chunk4
1164,CR_lounge_210110_0739.s0_chunk39
1165,CR_lounge_210110_0739.s0_chunk40
1166,CR_lounge_210110_0739.s0_chunk30
1167,CR_lounge_210110_0739.s0_chunk46
1168,CR_lounge_210110_0739.s0_chunk34
1169,CR_lounge_210110_0739.s0_chunk10
1170,CR_lounge_210110_0739.s0_chunk1
1171,CR_lounge_210110_0739.s0_chunk32
1172,CR_lounge_210110_0739.s0_chunk56
1173,CR_lounge_210110_0739.s0_chunk44
1174,CR_lounge_210110_0739.s0_chunk17
1175,CR_lounge_210110_0739.s0_chunk28
1176,CR_lounge_210110_0739.s0_chunk2
1177,CR_lounge_210110_0739.s0_chunk11
1178,CR_lounge_210110_0739.s0_chunk9
1179,CR_lounge_210110_0739.s0_chunk49
1180,CR_lounge_210110_0739.s0_chunk74
1181,CR_lounge_210110_0739.s0_chunk54
1182,CR_lounge_210110_0739.s0_chunk21
1183,CR_lounge_210110_0739.s0_chunk27
1184,CR_lounge_210110_0739.s0_chunk61
1185,CR_lounge_210110_0739.s0_chunk3
1186,CR_lounge_210110_0739.s0_chunk45
1187,CR_lounge_210110_0739.s0_chunk50
1188,CR_lounge_210110_0739.s0_chunk22
1189,CR_lounge_210110_0739.s0_chunk73
1190,CR_lounge_210110_0739.s0_chunk8
1191,CR_lounge_210110_0739.s0_chunk65
1192,CR_lounge_210110_0739.s0_chunk71
1193,CR_lounge_210110_0739.s0_chunk19
1194,CR_lounge_210110_0739.s0_chunk68
1195,CR_lounge_210110_0739.s0_chunk16
1196,CR_lounge_230110_1036.s600_chunk62
1197,CR_lounge_230110_1036.s600_chunk35
1198,CR_lounge_230110_1036.s600_chunk51
1199,CR_lounge_230110_1036.s600_chunk48
1200,CR_lounge_230110_1036.s600_chunk18
1201,CR_lounge_230110_1036.s600_chunk53
1202,CR_lounge_230110_1036.s600_chunk7
1203,CR_lounge_230110_1036.s600_chunk19
1204,CR_lounge_230110_1036.s600_chunk58
1205,CR_lounge_230110_1036.s600_chunk25
1206,CR_lounge_230110_1036.s600_chunk65
1207,CR_lounge_230110_1036.s600_chunk10
1208,CR_lounge_230110_1036.s600_chunk64
1209,CR_lounge_230110_1036.s600_chunk15
1210,CR_lounge_230110_1036.s600_chunk29
1211,CR_lounge_230110_1036.s600_chunk22
1212,CR_lounge_230110_1036.s600_chunk23
1213,CR_lounge_230110_1036.s600_chunk16
1214,CR_lounge_230110_1036.s600_chunk27
1215,CR_lounge_230110_1036.s600_chunk26
1216,CR_lounge_270110_1632.s1500_chunk23
1217,CR_lounge_270110_1632.s1500_chunk57
1218,CR_lounge_270110_1632.s1500_chunk30
1219,CR_lounge_270110_1632.s1500_chunk41
1220,CR_lounge_270110_1632.s1500_chunk21
1221,CR_lounge_270110_1632.s1500_chunk20
1222,CR_lounge_270110_1632.s1500_chunk25
1223,CR_lounge_270110_1632.s1500_chunk14
1224,CR_lounge_270110_1632.s1500_chunk37
1225,CR_lounge_270110_1632.s1500_chunk26
1226,CR_lounge_270110_1632.s1500_chunk71
1227,CR_lounge_270110_1632.s1500_chunk48
1228,CR_lounge_270110_1632.s1500_chunk40
1229,CR_lounge_270110_1632.s1500_chunk12
1230,CR_lounge_270110_1632.s1500_chunk22
1231,CR_lounge_270110_1632.s1500_chunk29
1232,CR_lounge_270110_1632.s1500_chunk34
1233,CR_lounge_270110_1632.s1500_chunk24
1234,CR_lounge_270110_1632.s1500_chunk10
1235,CR_lounge_270110_1632.s1500_chunk49
1236,CR_lounge_270110_1632.s1500_chunk31
1237,CR_lounge_270110_1632.s1500_chunk27
1238,CR_lounge_270110_1632.s1500_chunk7
1239,CR_lounge_270110_1632.s1500_chunk47
1240,CR_lounge_270110_1632.s1500_chunk19
1241,CR_lounge_270110_1632.s1500_chunk9
1242,CR_lounge_270110_1632.s1500_chunk50
1243,CR_lounge_270110_1632.s1500_chunk11
1244,CR_lounge_270110_1632.s1500_chunk45
1245,CR_lounge_270110_1632.s1500_chunk15
1246,CR_lounge_270110_1632.s1500_chunk33
1247,CR_lounge_270110_1632.s1500_chunk52
1248,CR_lounge_270110_1632.s1500_chunk13
1249,CR_lounge_270110_1632.s1500_chunk35
1250,CR_lounge_200110_1711.s0_chunk12
1251,CR_lounge_200110_1711.s0_chunk1
1252,CR_lounge_200110_1711.s0_chunk23
1253,CR_lounge_200110_1711.s0_chunk48
1254,CR_lounge_200110_1711.s0_chunk45
1255,CR_lounge_200110_1711.s0_chunk9
1256,CR_lounge_200110_1711.s0_chunk15
1257,CR_lounge_200110_1711.s0_chunk57
1258,CR_lounge_200110_1711.s0_chunk16
1259,CR_lounge_200110_1711.s0_chunk67
1260,CR_lounge_200110_1711.s0_chunk52
1261,CR_lounge_200110_1711.s0_chunk43
1262,CR_lounge_200110_1711.s0_chunk8
1263,CR_lounge_200110_1711.s0_chunk28
1264,CR_lounge_200110_1711.s0_chunk44
1265,CR_lounge_200110_1711.s0_chunk3
1266,CR_lounge_200110_1711.s0_chunk5
1267,CR_lounge_200110_1711.s0_chunk21
1268,CR_lounge_200110_1711.s0_chunk24
1269,CR_lounge_200110_1711.s0_chunk26
1270,CR_lounge_200110_1711.s0_chunk2
1271,CR_lounge_200110_1711.s0_chunk17
1272,CR_lounge_200110_1711.s0_chunk56
1273,CR_lounge_200110_1711.s0_chunk22
1274,CR_lounge_200110_1711.s0_chunk10
1275,CR_lounge_200110_1711.s0_chunk39
1276,CR_lounge_200110_1711.s0_chunk73
1277,CR_lounge_200110_1711.s0_chunk4
1278,CR_lounge_200110_1711.s0_chunk66
1279,CR_lounge_200110_1711.s0_chunk18
1280,CR_lounge_200110_1711.s0_chunk55
1281,CR_lounge_200110_1711.s0_chunk19
1282,CR_lounge_220110_0731.s1200_chunk65
1283,CR_lounge_220110_0731.s1200_chunk46
1284,CR_lounge_220110_0731.s1200_chunk40
1285,CR_lounge_220110_0731.s1200_chunk72
1286,CR_lounge_220110_0731.s1200_chunk39
1287,CR_lounge_220110_0731.s1200_chunk61
1288,CR_lounge_220110_0731.s1200_chunk63
1289,CR_lounge_220110_0731.s1200_chunk50
1290,CR_lounge_220110_0731.s1200_chunk29
1291,CR_lounge_220110_0731.s1200_chunk64
1292,CR_lounge_220110_0731.s1200_chunk22
1293,CR_lounge_220110_0731.s1200_chunk59
1294,CR_lounge_220110_0731.s1200_chunk9
1295,CR_lounge_220110_0731.s1200_chunk44
1296,CR_lounge_220110_0731.s1200_chunk2
1297,CR_lounge_220110_0731.s1200_chunk27
1298,CR_lounge_220110_0731.s1200_chunk28
1299,CR_lounge_220110_0731.s1200_chunk5
1300,CR_lounge_220110_0731.s1200_chunk45
1301,CR_lounge_220110_0731.s1200_chunk10
1302,CR_lounge_220110_0731.s1200_chunk31
1303,CR_lounge_220110_0731.s1200_chunk42
1304,CR_lounge_220110_0731.s1200_chunk36
1305,CR_lounge_220110_0731.s1200_chunk73
1306,CR_lounge_220110_0731.s1200_chunk16
1307,CR_lounge_220110_0731.s1200_chunk53
1308,CR_lounge_230110_1501.s1800_chunk71
1309,CR_lounge_230110_1501.s1800_chunk25
1310,CR_lounge_230110_1501.s1800_chunk4
1311,CR_lounge_230110_1501.s1800_chunk14
1312,CR_lounge_230110_1501.s1800_chunk51
1313,CR_lounge_230110_1501.s1800_chunk12
1314,CR_lounge_230110_1501.s1800_chunk72
1315,CR_lounge_230110_1501.s1800_chunk56
1316,CR_lounge_230110_1501.s1800_chunk73
1317,CR_lounge_230110_1501.s1800_chunk46
1318,CR_lounge_230110_1501.s1800_chunk55
1319,CR_lounge_230110_1501.s1800_chunk11
1320,CR_lounge_230110_1501.s1800_chunk17
1321,CR_lounge_230110_1501.s1800_chunk58
1322,CR_lounge_230110_1501.s1800_chunk47
1323,CR_lounge_230110_1501.s1800_chunk44
1324,CR_lounge_230110_1501.s1800_chunk49
1325,CR_lounge_230110_1501.s1800_chunk36
1326,CR_lounge_230110_1501.s1800_chunk10
1327,CR_lounge_230110_1501.s1800_chunk3
1328,CR_lounge_230110_1501.s1800_chunk70
1329,CR_lounge_230110_1501.s1800_chunk42
1330,CR_lounge_230110_1501.s1800_chunk50
1331,CR_lounge_230110_1501.s1800_chunk31
1332,CR_lounge_230110_1501.s1800_chunk74
1333,CR_lounge_230110_1501.s1800_chunk34
1334,CR_lounge_230110_1501.s1800_chunk65
1335,CR_lounge_230110_1501.s1800_chunk43
1336,CR_lounge_230110_1501.s1800_chunk40
1337,CR_lounge_230110_1501.s1800_chunk24
1338,CR_lounge_230110_1501.s1800_chunk30
1339,CR_lounge_230110_1501.s1800_chunk16
1340,CR_lounge_230110_1501.s1800_chunk41
1341,CR_lounge_230110_1501.s1800_chunk28
1342,CR_lounge_230110_1501.s1800_chunk57
1343,CR_lounge_230110_1501.s1800_chunk1
1344,CR_lounge_230110_1501.s1800_chunk54
1345,CR_lounge_230110_1501.s1800_chunk37
1346,CR_lounge_230110_1501.s1800_chunk48
1347,CR_lounge_230110_1501.s1800_chunk33
1348,CR_lounge_200110_1601.s3300_chunk47
1349,CR_lounge_200110_1601.s3300_chunk62
1350,CR_lounge_200110_1601.s3300_chunk10
1351,CR_lounge_200110_1601.s3300_chunk57
1352,CR_lounge_200110_1601.s3300_chunk2
1353,CR_lounge_200110_1601.s3300_chunk11
1354,CR_lounge_200110_1601.s3300_chunk49
1355,CR_lounge_200110_1601.s3300_chunk63
1356,CR_lounge_200110_1601.s3300_chunk43
1357,CR_lounge_200110_1601.s3300_chunk27
1358,CR_lounge_200110_1601.s3300_chunk46
1359,CR_lounge_200110_1601.s3300_chunk53
1360,CR_lounge_200110_1601.s3300_chunk1
1361,CR_lounge_200110_1601.s3300_chunk50
1362,CR_lounge_200110_1601.s3300_chunk61
1363,CR_lounge_200110_1601.s3300_chunk45
1364,CR_lounge_200110_1601.s3300_chunk33
1365,CR_lounge_200110_1601.s3300_chunk0
1366,CR_lounge_200110_1601.s3300_chunk54
1367,CR_lounge_200110_1601.s3300_chunk59
1368,CR_lounge_200110_1601.s3300_chunk39
1369,CR_lounge_200110_1601.s3300_chunk51
1370,CR_lounge_200110_1601.s3300_chunk71
1371,CR_lounge_200110_1601.s3300_chunk13
1372,CR_lounge_200110_1601.s3300_chunk32
1373,CR_lounge_200110_1601.s3300_chunk56
1374,CR_lounge_200110_1601.s3300_chunk67
1375,CR_lounge_200110_1601.s3300_chunk64
1376,CR_lounge_200110_1601.s3300_chunk41
1377,CR_lounge_200110_1601.s3300_chunk22
1378,CR_lounge_200110_1601.s3300_chunk60
1379,CR_lounge_200110_1601.s3300_chunk74
1380,CR_lounge_200110_1601.s3300_chunk15
1381,CR_lounge_200110_1601.s3300_chunk14
1382,CR_lounge_200110_1601.s3300_chunk48
1383,CR_lounge_200110_1601.s3300_chunk23
1384,CR_lounge_200110_1601.s3300_chunk20
1385,CR_lounge_200110_1601.s3300_chunk69
1386,CR_lounge_200110_1601.s3300_chunk19
1387,CR_lounge_200110_1601.s3300_chunk73
1388,CR_lounge_200110_1601.s3300_chunk40
1389,CR_lounge_200110_1601.s3300_chunk55
1390,CR_lounge_200110_1601.s3300_chunk12
1391,CR_lounge_200110_1601.s3300_chunk30
1392,CR_lounge_200110_1601.s3300_chunk28
1393,CR_lounge_200110_1601.s3300_chunk38
1394,CR_lounge_200110_1601.s3300_chunk70
1395,CR_lounge_200110_1601.s3300_chunk34
1396,CR_lounge_230110_1501.s3600_chunk54
1397,CR_lounge_230110_1501.s3600_chunk36
1398,CR_lounge_230110_1501.s3600_chunk16
1399,CR_lounge_230110_1501.s3600_chunk50
1400,CR_lounge_230110_1501.s3600_chunk28
1401,CR_lounge_230110_1501.s3600_chunk42
1402,CR_lounge_230110_1501.s3600_chunk13
1403,CR_lounge_230110_1501.s3600_chunk52
1404,CR_lounge_230110_1501.s3600_chunk53
1405,CR_lounge_230110_1501.s3600_chunk37
1406,CR_lounge_230110_1501.s3600_chunk15
1407,CR_lounge_230110_1501.s3600_chunk74
1408,CR_lounge_230110_1501.s3600_chunk62
1409,CR_lounge_230110_1501.s3600_chunk71
1410,CR_lounge_230110_1501.s3600_chunk48
1411,CR_lounge_230110_1501.s3600_chunk58
1412,CR_lounge_230110_1501.s3600_chunk14
1413,CR_lounge_230110_1501.s3600_chunk21
1414,CR_lounge_200110_1601.s900_chunk54
1415,CR_lounge_200110_1601.s900_chunk24
1416,CR_lounge_200110_1601.s900_chunk39
1417,CR_lounge_200110_1601.s900_chunk8
1418,CR_lounge_200110_1601.s900_chunk42
1419,CR_lounge_200110_1601.s900_chunk62
1420,CR_lounge_200110_1601.s900_chunk23
1421,CR_lounge_200110_1601.s900_chunk44
1422,CR_lounge_200110_1601.s900_chunk60
1423,CR_lounge_200110_1601.s900_chunk14
1424,CR_lounge_200110_1601.s900_chunk36
1425,CR_lounge_200110_1601.s900_chunk43
1426,CR_lounge_200110_1601.s900_chunk0
1427,CR_lounge_200110_1601.s900_chunk41
1428,CR_lounge_200110_1601.s900_chunk71
1429,CR_lounge_200110_1601.s900_chunk2
1430,CR_lounge_200110_1601.s900_chunk74
1431,CR_lounge_200110_1601.s900_chunk30
1432,CR_lounge_200110_1601.s900_chunk53
1433,CR_lounge_200110_1601.s900_chunk59
1434,CR_lounge_200110_1601.s900_chunk67
1435,CR_lounge_200110_1601.s900_chunk26
1436,CR_lounge_200110_1601.s900_chunk35
1437,CR_lounge_200110_1601.s900_chunk20
1438,CR_lounge_200110_1601.s900_chunk49
1439,CR_lounge_200110_1601.s900_chunk13
1440,CR_lounge_200110_1601.s900_chunk69
1441,CR_lounge_200110_1601.s900_chunk10
1442,CR_lounge_200110_1601.s900_chunk34
1443,CR_lounge_200110_1601.s900_chunk58
1444,CR_lounge_200110_1601.s900_chunk31
1445,CR_lounge_200110_1601.s900_chunk66
1446,CR_lounge_200110_1601.s900_chunk17
1447,CR_lounge_200110_1601.s900_chunk21
1448,CR_lounge_200110_1601.s900_chunk70
1449,CR_lounge_200110_1601.s900_chunk64
1450,CR_lounge_200110_1601.s900_chunk4
1451,CR_lounge_200110_1601.s900_chunk32
1452,CR_lounge_200110_1601.s900_chunk56
1453,CR_lounge_200110_1601.s900_chunk9
1454,CR_lounge_200110_1601.s900_chunk11
1455,CR_lounge_200110_1601.s900_chunk46
1456,CR_lounge_200110_1601.s900_chunk51
1457,CR_lounge_200110_1601.s900_chunk18
1458,CR_lounge_200110_1601.s900_chunk12
1459,CR_lounge_200110_1601.s900_chunk22
1460,CR_lounge_200110_1601.s900_chunk40
1461,CR_lounge_200110_1601.s900_chunk7
1462,CR_lounge_200110_1601.s900_chunk48
1463,CR_lounge_200110_1601.s900_chunk45
1464,CR_lounge_200110_1601.s900_chunk19
1465,CR_lounge_200110_1601.s900_chunk73
1466,CR_lounge_200110_1601.s900_chunk28
1467,CR_lounge_200110_1601.s900_chunk37
1468,CR_lounge_200110_1601.s900_chunk65
1469,CR_lounge_200110_1601.s900_chunk47
1470,CR_lounge_200110_1601.s900_chunk38
1471,CR_lounge_200110_1601.s900_chunk3
1472,CR_lounge_200110_1601.s900_chunk72
1473,CR_lounge_200110_1601.s900_chunk16
1474,CR_lounge_200110_1601.s900_chunk55
1475,CR_lounge_230110_1501.s2400_chunk52
1476,CR_lounge_230110_1501.s2400_chunk28
1477,CR_lounge_230110_1501.s2400_chunk36
1478,CR_lounge_230110_1501.s2400_chunk68
1479,CR_lounge_230110_1501.s2400_chunk18
1480,CR_lounge_230110_1501.s2400_chunk11
1481,CR_lounge_230110_1501.s2400_chunk66
1482,CR_lounge_230110_1501.s2400_chunk16
1483,CR_lounge_230110_1501.s2400_chunk13
1484,CR_lounge_230110_1501.s2400_chunk49
1485,CR_lounge_230110_1501.s2400_chunk58
1486,CR_lounge_230110_1501.s2400_chunk38
1487,CR_lounge_230110_1501.s2400_chunk54
1488,CR_lounge_230110_1501.s2400_chunk0
1489,CR_lounge_230110_1501.s2400_chunk72
1490,CR_lounge_230110_1501.s2400_chunk23
1491,CR_lounge_230110_1501.s2400_chunk9
1492,CR_lounge_230110_1501.s2400_chunk59
1493,CR_lounge_230110_1501.s2400_chunk26
1494,CR_lounge_230110_1501.s2400_chunk51
1495,CR_lounge_200110_1601.s600_chunk44
1496,CR_lounge_200110_1601.s600_chunk28
1497,CR_lounge_200110_1601.s600_chunk26
1498,CR_lounge_200110_1601.s600_chunk14
1499,CR_lounge_200110_1601.s600_chunk24
1500,CR_lounge_200110_1601.s600_chunk0
1501,CR_lounge_200110_1601.s600_chunk15
1502,CR_lounge_200110_1601.s600_chunk25
1503,CR_lounge_200110_1601.s600_chunk74
1504,CR_lounge_200110_1601.s600_chunk67
1505,CR_lounge_200110_1601.s600_chunk2
1506,CR_lounge_200110_1601.s600_chunk12
1507,CR_lounge_200110_1601.s600_chunk1
1508,CR_lounge_200110_1601.s600_chunk53
1509,CR_lounge_200110_1601.s600_chunk43
1510,CR_lounge_200110_1601.s600_chunk71
1511,CR_lounge_200110_1601.s600_chunk45
1512,CR_lounge_200110_1601.s600_chunk39
1513,CR_lounge_200110_1601.s600_chunk60
1514,CR_lounge_200110_1601.s600_chunk48
1515,CR_lounge_200110_1601.s600_chunk66
1516,CR_lounge_200110_1601.s600_chunk18
1517,CR_lounge_200110_1601.s600_chunk5
1518,CR_lounge_200110_1601.s600_chunk49
1519,CR_lounge_200110_1601.s600_chunk54
1520,CR_lounge_200110_1601.s600_chunk35
1521,CR_lounge_200110_1601.s600_chunk21
1522,CR_lounge_200110_1601.s600_chunk40
1523,CR_lounge_200110_1601.s600_chunk17
1524,CR_lounge_200110_1601.s600_chunk64
1525,CR_lounge_200110_1601.s600_chunk50
1526,CR_lounge_200110_1601.s600_chunk32
1527,CR_lounge_200110_1601.s600_chunk27
1528,CR_lounge_200110_1601.s600_chunk58
1529,CR_lounge_200110_1601.s600_chunk13
1530,CR_lounge_200110_1601.s600_chunk73
1531,CR_lounge_200110_1601.s600_chunk29
1532,CR_lounge_200110_1601.s600_chunk11
1533,CR_lounge_200110_1601.s600_chunk42
1534,CR_lounge_200110_1601.s600_chunk4
1535,CR_lounge_200110_1601.s600_chunk72
1536,CR_lounge_200110_1601.s600_chunk52
1537,CR_lounge_200110_1601.s600_chunk69
1538,CR_lounge_200110_1601.s600_chunk33
1539,CR_lounge_200110_1601.s600_chunk6
1540,CR_lounge_200110_1601.s600_chunk59
1541,CR_lounge_200110_1601.s600_chunk10
1542,CR_lounge_200110_1601.s600_chunk62
1543,CR_lounge_200110_1601.s600_chunk61
1544,CR_lounge_200110_1601.s600_chunk56
1545,CR_lounge_200110_1601.s600_chunk41
1546,CR_lounge_200110_1601.s600_chunk47
1547,CR_lounge_200110_1601.s600_chunk3
1548,CR_lounge_200110_1601.s600_chunk34
1549,CR_lounge_200110_1601.s600_chunk70
1550,CR_lounge_200110_1601.s600_chunk8
1551,CR_lounge_200110_1601.s600_chunk46
1552,CR_lounge_200110_1601.s600_chunk55
1553,CR_lounge_200110_1601.s600_chunk30
1554,CR_lounge_200110_1601.s600_chunk31
1555,CR_lounge_200110_1601.s600_chunk19
1556,CR_lounge_200110_1601.s600_chunk7
1557,CR_lounge_200110_1601.s600_chunk23
1558,CR_lounge_200110_1601.s600_chunk68
1559,CR_lounge_220110_0731.s2400_chunk69
1560,CR_lounge_220110_0731.s2400_chunk68
1561,CR_lounge_220110_0731.s2400_chunk30
1562,CR_lounge_220110_0731.s2400_chunk55
1563,CR_lounge_220110_0731.s2400_chunk12
1564,CR_lounge_220110_0731.s2400_chunk56
1565,CR_lounge_220110_0731.s2400_chunk35
1566,CR_lounge_220110_0731.s2400_chunk15
1567,CR_lounge_220110_0731.s2400_chunk19
1568,CR_lounge_220110_0731.s2400_chunk18
1569,CR_lounge_230110_1036.s1200_chunk60
1570,CR_lounge_230110_1036.s1200_chunk38
1571,CR_lounge_230110_1036.s1200_chunk28
1572,CR_lounge_230110_1036.s1200_chunk31
1573,CR_lounge_230110_1036.s1200_chunk5
1574,CR_lounge_230110_1036.s1200_chunk50
1575,CR_lounge_230110_1036.s1200_chunk27
1576,CR_lounge_230110_1036.s1200_chunk47
1577,CR_lounge_230110_1036.s1200_chunk46
1578,CR_lounge_230110_1036.s1200_chunk56
1579,CR_lounge_230110_1036.s1200_chunk65
1580,CR_lounge_230110_1036.s1200_chunk55
1581,CR_lounge_230110_1036.s1200_chunk73
1582,CR_lounge_230110_1036.s1200_chunk41
1583,CR_lounge_230110_1036.s1200_chunk66
1584,CR_lounge_230110_1036.s1200_chunk74
1585,CR_lounge_230110_1036.s1200_chunk62
1586,CR_lounge_230110_1036.s1200_chunk9
1587,CR_lounge_230110_1036.s1200_chunk51
1588,CR_lounge_230110_1036.s1200_chunk61
1589,CR_lounge_230110_1036.s1200_chunk40
1590,CR_lounge_230110_1036.s1200_chunk72
1591,CR_lounge_230110_1036.s1200_chunk1
1592,CR_lounge_230110_1036.s1200_chunk58
1593,CR_lounge_230110_1036.s1200_chunk45
1594,CR_lounge_230110_1036.s1200_chunk63
1595,CR_lounge_230110_1036.s1200_chunk71
1596,CR_lounge_230110_1036.s1200_chunk4
1597,CR_lounge_230110_1036.s1200_chunk69
1598,CR_lounge_230110_1036.s1200_chunk42
1599,CR_lounge_230110_1036.s1200_chunk57
1600,CR_lounge_230110_1036.s1200_chunk48
1601,CR_lounge_230110_1036.s1200_chunk59
1602,CR_lounge_230110_1036.s1200_chunk43
1603,CR_lounge_230110_1036.s1200_chunk53
1604,CR_lounge_230110_1036.s1200_chunk26
1605,CR_lounge_270110_1632.s1200_chunk62
1606,CR_lounge_270110_1632.s1200_chunk42
1607,CR_lounge_270110_1632.s1200_chunk18
1608,CR_lounge_270110_1632.s1200_chunk61
1609,CR_lounge_270110_1632.s1200_chunk47
1610,CR_lounge_270110_1632.s1200_chunk0
1611,CR_lounge_270110_1632.s1200_chunk73
1612,CR_lounge_270110_1632.s1200_chunk4
1613,CR_lounge_270110_1632.s1200_chunk41
1614,CR_lounge_270110_1632.s1200_chunk17
1615,CR_lounge_270110_1632.s1200_chunk5
1616,CR_lounge_270110_1632.s1200_chunk70
1617,CR_lounge_270110_1632.s1200_chunk34
1618,CR_lounge_270110_1632.s1200_chunk25
1619,CR_lounge_270110_1632.s1200_chunk21
1620,CR_lounge_270110_1632.s1200_chunk7
1621,CR_lounge_270110_1632.s1200_chunk45
1622,CR_lounge_270110_1632.s1200_chunk65
1623,CR_lounge_270110_1632.s1200_chunk6
1624,CR_lounge_270110_1632.s1200_chunk44
1625,CR_lounge_270110_1632.s1200_chunk29
1626,CR_lounge_270110_1632.s1200_chunk69
1627,CR_lounge_270110_1632.s1200_chunk23
1628,CR_lounge_270110_1632.s1200_chunk28
1629,CR_lounge_270110_1632.s1200_chunk2
1630,CR_lounge_270110_1632.s1200_chunk36
1631,CR_lounge_270110_1632.s1200_chunk16
1632,CR_lounge_270110_1632.s1200_chunk68
1633,CR_lounge_270110_1632.s1200_chunk43
1634,CR_lounge_270110_1632.s1200_chunk51
1635,CR_lounge_270110_1632.s1200_chunk74
1636,CR_lounge_270110_1632.s1200_chunk49
1637,CR_lounge_270110_1632.s1200_chunk14
1638,CR_lounge_270110_1632.s1200_chunk35
1639,CR_lounge_270110_1632.s1200_chunk67
1640,CR_lounge_270110_1632.s1200_chunk66
1641,CR_lounge_270110_1632.s1200_chunk26
1642,CR_lounge_270110_1632.s1200_chunk31
1643,CR_lounge_270110_1632.s1200_chunk63
1644,CR_lounge_270110_1632.s1200_chunk46
1645,CR_lounge_270110_1632.s1200_chunk39
1646,CR_lounge_270110_1632.s1200_chunk22
1647,CR_lounge_270110_1632.s1200_chunk1
1648,CR_lounge_270110_1632.s1200_chunk3
1649,CR_lounge_270110_1632.s1200_chunk32
1650,CR_lounge_270110_1632.s1200_chunk64
1651,CR_lounge_270110_1632.s1200_chunk38
1652,CR_lounge_270110_1632.s1200_chunk37
1653,CR_lounge_270110_1632.s1200_chunk13
1654,CR_lounge_270110_1632.s1200_chunk30
1655,CR_lounge_270110_1632.s1200_chunk33
1656,CR_lounge_270110_1632.s1200_chunk59
1657,CR_lounge_270110_1632.s1200_chunk40
1658,CR_lounge_270110_1632.s1200_chunk72
1659,CR_lounge_270110_1632.s1200_chunk71
1660,CR_lounge_270110_1632.s1200_chunk27
1661,CR_lounge_220110_0731.s3300_chunk44
1662,CR_lounge_220110_0731.s3300_chunk65
1663,CR_lounge_220110_0731.s3300_chunk58
1664,CR_lounge_220110_0731.s3300_chunk60
1665,CR_lounge_220110_0731.s3300_chunk63
1666,CR_lounge_220110_0731.s3300_chunk55
1667,CR_lounge_220110_0731.s3300_chunk33
1668,CR_lounge_220110_0731.s3300_chunk50
1669,CR_lounge_220110_0731.s3300_chunk67
1670,CR_lounge_220110_0731.s3300_chunk49
1671,CR_lounge_220110_0731.s3300_chunk59
1672,CR_lounge_220110_0731.s3300_chunk68
1673,CR_lounge_220110_0731.s3300_chunk22
1674,CR_lounge_220110_0731.s3300_chunk38
1675,CR_lounge_220110_0731.s3300_chunk34
1676,CR_lounge_220110_0731.s3300_chunk66
1677,CR_lounge_220110_0731.s3300_chunk27
1678,CR_lounge_220110_0731.s3300_chunk23
1679,CR_lounge_200110_1601.s1200_chunk26
1680,CR_lounge_200110_1601.s1200_chunk13
1681,CR_lounge_200110_1601.s1200_chunk73
1682,CR_lounge_200110_1601.s1200_chunk68
1683,CR_lounge_200110_1601.s1200_chunk24
1684,CR_lounge_200110_1601.s1200_chunk61
1685,CR_lounge_200110_1601.s1200_chunk60
1686,CR_lounge_200110_1601.s1200_chunk2
1687,CR_lounge_200110_1601.s1200_chunk56
1688,CR_lounge_200110_1601.s1200_chunk74
1689,CR_lounge_200110_1601.s1200_chunk41
1690,CR_lounge_200110_1601.s1200_chunk30
1691,CR_lounge_200110_1601.s1200_chunk29
1692,CR_lounge_200110_1601.s1200_chunk65
1693,CR_lounge_200110_1601.s1200_chunk37
1694,CR_lounge_200110_1601.s1200_chunk57
1695,CR_lounge_200110_1601.s1200_chunk59
1696,CR_lounge_200110_1601.s1200_chunk32
1697,CR_lounge_200110_1601.s1200_chunk28
1698,CR_lounge_200110_1601.s1200_chunk64
1699,CR_lounge_200110_1601.s1200_chunk47
1700,CR_lounge_200110_1601.s1200_chunk27
1701,CR_lounge_200110_1601.s1200_chunk33
1702,CR_lounge_200110_1601.s1200_chunk23
1703,CR_lounge_200110_1601.s1200_chunk25
1704,CR_lounge_200110_1601.s1200_chunk62
1705,CR_lounge_200110_1601.s1200_chunk49
1706,CR_lounge_200110_1601.s1200_chunk51
1707,CR_lounge_200110_1601.s1200_chunk7
1708,CR_lounge_200110_1601.s1200_chunk48
1709,CR_lounge_200110_1601.s1200_chunk21
1710,CR_lounge_200110_1601.s1200_chunk31
1711,CR_lounge_200110_1601.s1200_chunk52
1712,CR_lounge_200110_1601.s1200_chunk17
1713,CR_lounge_200110_1601.s1200_chunk55
1714,CR_lounge_200110_1601.s1200_chunk58
1715,CR_lounge_200110_1601.s1200_chunk72
1716,CR_lounge_200110_1601.s1200_chunk0
1717,CR_lounge_200110_1601.s1200_chunk20
1718,CR_lounge_200110_1601.s1200_chunk70
1719,CR_lounge_200110_1601.s1200_chunk46
1720,CR_lounge_200110_1601.s1200_chunk54
1721,CR_lounge_200110_1601.s1200_chunk53
1722,CR_lounge_200110_1601.s1200_chunk67
1723,CR_lounge_200110_1601.s1200_chunk71
1724,CR_lounge_200110_1601.s1200_chunk11
1725,CR_lounge_200110_1601.s1200_chunk19
1726,CR_lounge_200110_1601.s1200_chunk44
1727,CR_lounge_200110_1601.s1200_chunk8
1728,CR_lounge_200110_1601.s1200_chunk16
1729,CR_lounge_200110_1601.s1200_chunk50
1730,CR_lounge_200110_1601.s1200_chunk38
1731,CR_lounge_200110_1601.s1200_chunk22
1732,CR_lounge_200110_1601.s1200_chunk69
1733,CR_lounge_200110_1601.s1200_chunk45
1734,CR_lounge_200110_1601.s1200_chunk63
1735,CR_lounge_200110_1601.s1200_chunk18
1736,CR_lounge_200110_1601.s2700_chunk44
1737,CR_lounge_200110_1601.s2700_chunk25
1738,CR_lounge_200110_1601.s2700_chunk21
1739,CR_lounge_200110_1601.s2700_chunk5
1740,CR_lounge_200110_1601.s2700_chunk50
1741,CR_lounge_200110_1601.s2700_chunk13
1742,CR_lounge_200110_1601.s2700_chunk47
1743,CR_lounge_200110_1601.s2700_chunk68
1744,CR_lounge_200110_1601.s2700_chunk57
1745,CR_lounge_200110_1601.s2700_chunk6
1746,CR_lounge_200110_1601.s2700_chunk30
1747,CR_lounge_200110_1601.s2700_chunk36
1748,CR_lounge_200110_1601.s2700_chunk72
1749,CR_lounge_200110_1601.s2700_chunk9
1750,CR_lounge_200110_1601.s2700_chunk7
1751,CR_lounge_200110_1601.s2700_chunk45
1752,CR_lounge_200110_1601.s2700_chunk40
1753,CR_lounge_200110_1601.s2700_chunk74
1754,CR_lounge_200110_1601.s2700_chunk43
1755,CR_lounge_200110_1601.s2700_chunk58
1756,CR_lounge_200110_1601.s2700_chunk71
1757,CR_lounge_200110_1601.s2700_chunk28
1758,CR_lounge_200110_1601.s2700_chunk52
1759,CR_lounge_200110_1601.s2700_chunk24
1760,CR_lounge_200110_1601.s2700_chunk63
1761,CR_lounge_200110_1601.s2700_chunk69
1762,CR_lounge_200110_1601.s2700_chunk73
1763,CR_lounge_200110_1601.s2700_chunk33
1764,CR_lounge_200110_1601.s2700_chunk4
1765,CR_lounge_200110_1601.s2700_chunk51
1766,CR_lounge_200110_1601.s2700_chunk15
1767,CR_lounge_200110_1601.s2700_chunk12
1768,CR_lounge_200110_1601.s2700_chunk22
1769,CR_lounge_200110_1601.s2700_chunk60
1770,CR_lounge_200110_1601.s2700_chunk19
1771,CR_lounge_200110_1601.s2700_chunk39
1772,CR_lounge_200110_1601.s2700_chunk70
1773,CR_lounge_200110_1601.s2700_chunk23
1774,CR_lounge_200110_1601.s2700_chunk0
1775,CR_lounge_200110_1601.s2700_chunk48
1776,CR_lounge_200110_1601.s2700_chunk2
1777,CR_lounge_200110_1601.s2700_chunk54
1778,CR_lounge_200110_1601.s2700_chunk38
1779,CR_lounge_200110_1601.s2700_chunk35
1780,CR_lounge_200110_1601.s2700_chunk67
1781,CR_lounge_200110_1601.s2700_chunk11
1782,CR_lounge_200110_1601.s2700_chunk3
1783,CR_lounge_200110_1601.s2700_chunk27
1784,CR_lounge_200110_1601.s2700_chunk20
1785,CR_lounge_200110_1601.s2700_chunk49
1786,CR_lounge_200110_1601.s2700_chunk42
1787,CR_lounge_200110_1601.s2700_chunk16
1788,CR_lounge_200110_1601.s2700_chunk61
1789,CR_lounge_200110_1601.s2700_chunk29
1790,CR_lounge_200110_1601.s2700_chunk53
1791,CR_lounge_200110_1601.s2700_chunk46
1792,CR_lounge_200110_1601.s2700_chunk17
1793,CR_lounge_200110_1601.s2700_chunk66
1794,CR_lounge_200110_1601.s2700_chunk37
1795,CR_lounge_200110_1601.s2700_chunk41
1796,CR_lounge_200110_1601.s2700_chunk1
1797,CR_lounge_200110_1601.s2700_chunk26
1798,CR_lounge_200110_1601.s2700_chunk64
1799,CR_lounge_200110_1601.s2700_chunk55
1800,CR_lounge_200110_1601.s2700_chunk59
1801,CR_lounge_200110_1601.s2700_chunk14
1802,CR_lounge_200110_1601.s2700_chunk8
1803,CR_lounge_200110_1601.s2700_chunk18
1804,CR_lounge_200110_1601.s2700_chunk32
1805,CR_lounge_200110_1601.s2700_chunk62
1806,CR_lounge_200110_1601.s2700_chunk56
1807,CR_lounge_200110_1601.s2700_chunk31
1808,CR_lounge_200110_1601.s2700_chunk65
1809,CR_lounge_220110_0731.s600_chunk58
1810,CR_lounge_220110_0731.s600_chunk55
1811,CR_lounge_220110_0731.s600_chunk38
1812,CR_lounge_220110_0731.s600_chunk44
1813,CR_lounge_220110_0731.s600_chunk29
1814,CR_lounge_220110_0731.s600_chunk63
1815,CR_lounge_220110_0731.s600_chunk43
1816,CR_lounge_220110_0731.s600_chunk62
1817,CR_lounge_220110_0731.s600_chunk21
1818,CR_lounge_220110_0731.s600_chunk10
1819,CR_lounge_220110_0731.s600_chunk1
1820,CR_lounge_220110_0731.s600_chunk4
1821,CR_lounge_220110_0731.s600_chunk31
1822,CR_lounge_220110_0731.s600_chunk6
1823,CR_lounge_220110_0731.s600_chunk54
1824,CR_lounge_220110_0731.s600_chunk57
1825,CR_lounge_220110_0731.s600_chunk28
1826,CR_lounge_220110_0731.s600_chunk2
1827,CR_lounge_220110_0731.s600_chunk73
1828,CR_lounge_220110_0731.s600_chunk72
1829,CR_lounge_220110_0731.s600_chunk49
1830,CR_lounge_220110_0731.s600_chunk25
1831,CR_lounge_220110_0731.s600_chunk61
1832,CR_lounge_220110_0731.s600_chunk35
1833,CR_lounge_220110_0731.s600_chunk66
1834,CR_lounge_220110_0731.s600_chunk19
1835,CR_lounge_210110_0739.s900_chunk47
1836,CR_lounge_210110_0739.s900_chunk44
1837,CR_lounge_210110_0739.s900_chunk21
1838,CR_lounge_210110_0739.s900_chunk53
1839,CR_lounge_210110_0739.s900_chunk33
1840,CR_lounge_210110_0739.s900_chunk62
1841,CR_lounge_210110_0739.s900_chunk15
1842,CR_lounge_210110_0739.s900_chunk72
1843,CR_lounge_210110_0739.s900_chunk60
1844,CR_lounge_210110_0739.s900_chunk51
1845,CR_lounge_210110_0739.s900_chunk57
1846,CR_lounge_210110_0739.s900_chunk17
1847,CR_lounge_210110_0739.s900_chunk6
1848,CR_lounge_210110_0739.s900_chunk46
1849,CR_lounge_210110_0739.s900_chunk38
1850,CR_lounge_210110_0739.s900_chunk67
1851,CR_lounge_210110_0739.s900_chunk4
1852,CR_lounge_210110_0739.s900_chunk61
1853,CR_lounge_210110_0739.s900_chunk66
1854,CR_lounge_210110_0739.s900_chunk26
1855,CR_lounge_210110_0739.s900_chunk71
1856,CR_lounge_210110_0739.s900_chunk40
1857,CR_lounge_210110_0739.s900_chunk55
1858,CR_lounge_210110_0739.s900_chunk19
1859,CR_lounge_210110_0739.s900_chunk68
1860,CR_lounge_210110_0739.s900_chunk30
1861,CR_lounge_210110_0739.s900_chunk28
1862,CR_lounge_210110_0739.s900_chunk56
1863,CR_lounge_210110_0739.s900_chunk22
1864,CR_lounge_210110_0739.s900_chunk18
1865,CR_lounge_220110_0731.s900_chunk64
1866,CR_lounge_220110_0731.s900_chunk33
1867,CR_lounge_220110_0731.s900_chunk27
1868,CR_lounge_220110_0731.s900_chunk57
1869,CR_lounge_220110_0731.s900_chunk1
1870,CR_lounge_220110_0731.s900_chunk14
1871,CR_lounge_220110_0731.s900_chunk17
1872,CR_lounge_220110_0731.s900_chunk6
1873,CR_lounge_220110_0731.s900_chunk49
1874,CR_lounge_220110_0731.s900_chunk7
1875,CR_lounge_220110_0731.s900_chunk44
1876,CR_lounge_220110_0731.s900_chunk56
1877,CR_lounge_220110_0731.s900_chunk61
1878,CR_lounge_220110_0731.s900_chunk51
1879,CR_lounge_220110_0731.s900_chunk16
1880,CR_lounge_220110_0731.s900_chunk19
1881,CR_lounge_220110_0731.s900_chunk52
1882,CR_lounge_220110_0731.s900_chunk45
1883,CR_lounge_220110_0731.s900_chunk30
1884,CR_lounge_220110_0731.s900_chunk40
1885,CR_lounge_220110_0731.s900_chunk72
1886,CR_lounge_270110_1632.s3600_chunk32
1887,CR_lounge_270110_1632.s3600_chunk44
1888,CR_lounge_270110_1632.s3600_chunk58
1889,CR_lounge_270110_1632.s3600_chunk73
1890,CR_lounge_270110_1632.s3600_chunk33
1891,CR_lounge_270110_1632.s3600_chunk63
1892,CR_lounge_270110_1632.s3600_chunk21
1893,CR_lounge_270110_1632.s3600_chunk70
1894,CR_lounge_270110_1632.s3600_chunk40
1895,CR_lounge_270110_1632.s3600_chunk24
1896,CR_lounge_270110_1632.s3600_chunk17
1897,CR_lounge_270110_1632.s3600_chunk50
1898,CR_lounge_270110_1632.s3600_chunk39
1899,CR_lounge_270110_1632.s3600_chunk42
1900,CR_lounge_270110_1632.s3600_chunk25
1901,CR_lounge_270110_1632.s3600_chunk34
1902,CR_lounge_270110_1632.s3600_chunk18
1903,CR_lounge_270110_1632.s3600_chunk3
1904,CR_lounge_270110_1632.s3600_chunk30
1905,CR_lounge_270110_1632.s3600_chunk7
1906,CR_lounge_270110_1632.s3600_chunk29
1907,CR_lounge_270110_1632.s3600_chunk69
1908,CR_lounge_270110_1632.s3600_chunk51
1909,CR_lounge_270110_1632.s3600_chunk6
1910,CR_lounge_270110_1632.s3600_chunk41
1911,CR_lounge_270110_1632.s3600_chunk20
1912,CR_lounge_270110_1632.s3600_chunk5
1913,CR_lounge_270110_1632.s3600_chunk19
1914,CR_lounge_270110_1632.s3600_chunk11
1915,CR_lounge_270110_1632.s3600_chunk22
1916,CR_lounge_270110_1632.s3900_chunk11
1917,CR_lounge_270110_1632.s3900_chunk3
1918,CR_lounge_270110_1632.s3900_chunk27
1919,CR_lounge_270110_1632.s3900_chunk39
1920,CR_lounge_270110_1632.s3900_chunk41
1921,CR_lounge_270110_1632.s3900_chunk20
1922,CR_lounge_270110_1632.s3900_chunk48
1923,CR_lounge_270110_1632.s3900_chunk40
1924,CR_lounge_270110_1632.s3900_chunk5
1925,CR_lounge_270110_1632.s3900_chunk32
1926,CR_lounge_270110_1632.s3900_chunk18
1927,CR_lounge_270110_1632.s3900_chunk43
1928,CR_lounge_270110_1632.s3900_chunk54
1929,CR_lounge_270110_1632.s3900_chunk35
1930,CR_lounge_270110_1632.s3900_chunk67
1931,CR_lounge_270110_1632.s3900_chunk66
1932,CR_lounge_270110_1632.s3900_chunk37
1933,CR_lounge_270110_1632.s3900_chunk36
1934,CR_lounge_270110_1632.s3900_chunk1
1935,CR_lounge_270110_1632.s3900_chunk13
1936,CR_lounge_270110_1632.s3900_chunk64
1937,CR_lounge_270110_1632.s3900_chunk17
1938,CR_lounge_270110_1632.s3900_chunk73
1939,CR_lounge_270110_1632.s3900_chunk0
1940,CR_lounge_270110_1632.s3900_chunk59
1941,CR_lounge_270110_1632.s3900_chunk10
1942,CR_lounge_270110_1632.s3900_chunk65
1943,CR_lounge_270110_1632.s3900_chunk30
1944,CR_lounge_270110_1632.s3900_chunk4
1945,CR_lounge_270110_1632.s3900_chunk9
