0,CR_lounge_220110_0731.s0_chunk27,1
1,CR_lounge_220110_0731.s0_chunk18,1
2,CR_lounge_220110_0731.s0_chunk70,1
3,CR_lounge_220110_0731.s0_chunk0,1
4,CR_lounge_220110_0731.s0_chunk39,1
5,CR_lounge_220110_0731.s0_chunk5,1
6,CR_lounge_220110_0731.s0_chunk24,1
7,CR_lounge_220110_0731.s0_chunk72,1
8,CR_lounge_220110_0731.s0_chunk15,1
9,CR_lounge_220110_0731.s0_chunk16,1
10,CR_lounge_220110_0731.s0_chunk35,1
11,CR_lounge_220110_0731.s0_chunk69,1
12,CR_lounge_220110_0731.s0_chunk20,1
13,CR_lounge_220110_0731.s0_chunk74,1
14,CR_lounge_220110_0731.s0_chunk26,1
15,CR_lounge_220110_0731.s0_chunk46,1
16,CR_lounge_220110_0731.s0_chunk11,1
17,CR_lounge_220110_0731.s0_chunk19,1
18,CR_lounge_220110_0731.s0_chunk71,1
19,CR_lounge_220110_0731.s0_chunk22,1
20,CR_lounge_220110_0731.s0_chunk7,1
21,CR_lounge_220110_0731.s0_chunk12,1
22,CR_lounge_220110_0731.s0_chunk40,1
23,CR_lounge_220110_0731.s0_chunk21,1
24,CR_lounge_220110_0731.s0_chunk41,1
25,CR_lounge_220110_0731.s0_chunk30,1
26,CR_lounge_220110_0731.s0_chunk17,1
27,CR_lounge_220110_0731.s0_chunk73,1
28,CR_lounge_220110_0731.s0_chunk45,1
29,CR_lounge_220110_0731.s0_chunk9,1
30,CR_lounge_200110_1711.s600_chunk32,1
31,CR_lounge_200110_1711.s600_chunk63,1
32,CR_lounge_200110_1711.s600_chunk19,1
33,CR_lounge_200110_1711.s600_chunk20,1
34,CR_lounge_200110_1711.s600_chunk60,1
35,CR_lounge_200110_1711.s600_chunk62,1
36,CR_lounge_200110_1711.s600_chunk13,1
37,CR_lounge_200110_1711.s600_chunk59,1
38,CR_lounge_200110_1711.s600_chunk8,1
39,CR_lounge_200110_1711.s600_chunk29,1
40,CR_lounge_200110_1711.s600_chunk51,1
41,CR_lounge_200110_1711.s600_chunk16,1
42,CR_lounge_200110_1711.s600_chunk64,1
43,CR_lounge_200110_1711.s600_chunk10,1
44,CR_lounge_200110_1711.s600_chunk54,1
45,CR_lounge_200110_1711.s600_chunk61,1
46,CR_lounge_200110_1711.s600_chunk11,1
47,CR_lounge_200110_1711.s600_chunk44,1
48,CR_lounge_200110_1711.s600_chunk43,1
49,CR_lounge_200110_1711.s600_chunk71,1
50,CR_lounge_200110_1711.s600_chunk41,1
51,CR_lounge_200110_1711.s600_chunk12,1
52,CR_lounge_200110_1711.s600_chunk72,1
53,CR_lounge_200110_1711.s600_chunk30,1
54,CR_lounge_270110_1632.s3000_chunk37,4
55,CR_lounge_270110_1632.s3000_chunk43,4
56,CR_lounge_270110_1632.s3000_chunk55,4
57,CR_lounge_270110_1632.s3000_chunk30,4
58,CR_lounge_270110_1632.s3000_chunk35,4
59,CR_lounge_270110_1632.s3000_chunk32,4
60,CR_lounge_270110_1632.s3000_chunk62,4
61,CR_lounge_270110_1632.s3000_chunk48,4
62,CR_lounge_270110_1632.s3000_chunk0,4
63,CR_lounge_270110_1632.s3000_chunk15,4
64,CR_lounge_270110_1632.s3000_chunk71,4
65,CR_lounge_270110_1632.s3000_chunk23,4
66,CR_lounge_270110_1632.s3000_chunk68,4
67,CR_lounge_270110_1632.s3000_chunk46,4
68,CR_lounge_270110_1632.s3000_chunk40,4
69,CR_lounge_270110_1632.s3000_chunk3,4
70,CR_lounge_270110_1632.s3000_chunk20,4
71,CR_lounge_270110_1632.s3000_chunk50,4
72,CR_lounge_270110_1632.s3000_chunk17,4
73,CR_lounge_270110_1632.s3000_chunk39,4
74,CR_lounge_270110_1632.s3000_chunk57,4
75,CR_lounge_270110_1632.s3000_chunk42,4
76,CR_lounge_270110_1632.s3000_chunk67,4
77,CR_lounge_270110_1632.s3000_chunk47,4
78,CR_lounge_270110_1632.s3000_chunk34,4
79,CR_lounge_270110_1632.s3000_chunk18,4
80,CR_lounge_270110_1632.s3000_chunk21,4
81,CR_lounge_270110_1632.s3000_chunk19,4
82,CR_lounge_270110_1632.s3000_chunk64,4
83,CR_lounge_270110_1632.s3000_chunk74,4
84,CR_lounge_270110_1632.s3000_chunk56,4
85,CR_lounge_270110_1632.s3000_chunk9,4
86,CR_lounge_270110_1632.s0_chunk73,2
87,CR_lounge_270110_1632.s0_chunk64,2
88,CR_lounge_270110_1632.s0_chunk16,2
89,CR_lounge_270110_1632.s0_chunk56,2
90,CR_lounge_270110_1632.s0_chunk32,2
91,CR_lounge_270110_1632.s0_chunk62,2
92,CR_lounge_270110_1632.s0_chunk55,2
93,CR_lounge_270110_1632.s0_chunk44,2
94,CR_lounge_270110_1632.s0_chunk37,2
95,CR_lounge_270110_1632.s0_chunk12,2
96,CR_lounge_270110_1632.s0_chunk10,2
97,CR_lounge_270110_1632.s0_chunk52,2
98,CR_lounge_270110_1632.s0_chunk1,2
99,CR_lounge_270110_1632.s0_chunk70,2
100,CR_lounge_270110_1632.s0_chunk45,2
101,CR_lounge_270110_1632.s0_chunk4,2
102,CR_lounge_270110_1632.s0_chunk66,2
103,CR_lounge_270110_1632.s0_chunk15,2
104,CR_lounge_270110_1632.s0_chunk54,2
105,CR_lounge_270110_1632.s0_chunk48,2
106,CR_lounge_270110_1632.s0_chunk61,2
107,CR_lounge_270110_1632.s0_chunk57,2
108,CR_lounge_270110_1632.s0_chunk74,2
109,CR_lounge_270110_1632.s0_chunk72,2
110,CR_lounge_270110_1632.s0_chunk50,2
111,CR_lounge_270110_1632.s0_chunk40,2
112,CR_lounge_270110_1632.s0_chunk65,2
113,CR_lounge_270110_1632.s0_chunk41,2
114,CR_lounge_270110_1632.s0_chunk13,2
115,CR_lounge_270110_1632.s0_chunk51,2
116,CR_lounge_270110_1632.s0_chunk69,2
117,CR_lounge_270110_1632.s0_chunk7,2
118,CR_lounge_270110_1632.s0_chunk46,2
119,CR_lounge_270110_1632.s0_chunk43,2
120,CR_lounge_270110_1632.s0_chunk3,2
121,CR_lounge_270110_1632.s0_chunk53,2
122,CR_lounge_270110_1632.s0_chunk34,2
123,CR_lounge_270110_1632.s0_chunk5,2
124,CR_lounge_270110_1632.s0_chunk58,2
125,CR_lounge_270110_1632.s0_chunk38,2
126,CR_lounge_270110_1632.s0_chunk8,2
127,CR_lounge_270110_1632.s0_chunk9,2
128,CR_lounge_270110_1632.s0_chunk11,2
129,CR_lounge_270110_1632.s0_chunk17,2
130,CR_lounge_270110_1632.s0_chunk14,2
131,CR_lounge_270110_1632.s0_chunk67,2
132,CR_lounge_270110_1632.s0_chunk47,2
133,CR_lounge_270110_1632.s0_chunk35,2
134,CR_lounge_270110_1632.s0_chunk24,2
135,CR_lounge_270110_1632.s0_chunk71,2
136,CR_lounge_270110_1632.s0_chunk63,2
137,CR_lounge_270110_1632.s0_chunk39,2
138,CR_lounge_270110_1632.s0_chunk20,2
139,CR_lounge_270110_1632.s0_chunk60,2
140,CR_lounge_270110_1632.s0_chunk36,2
141,CR_lounge_270110_1632.s3300_chunk46,4
142,CR_lounge_270110_1632.s3300_chunk68,4
143,CR_lounge_270110_1632.s3300_chunk44,4
144,CR_lounge_270110_1632.s3300_chunk38,4
145,CR_lounge_270110_1632.s3300_chunk21,4
146,CR_lounge_270110_1632.s3300_chunk34,4
147,CR_lounge_270110_1632.s3300_chunk62,4
148,CR_lounge_270110_1632.s3300_chunk43,4
149,CR_lounge_270110_1632.s3300_chunk59,4
150,CR_lounge_270110_1632.s3300_chunk26,4
151,CR_lounge_270110_1632.s3300_chunk40,4
152,CR_lounge_270110_1632.s3300_chunk29,4
153,CR_lounge_270110_1632.s3300_chunk69,4
154,CR_lounge_270110_1632.s3300_chunk13,4
155,CR_lounge_270110_1632.s3300_chunk12,4
156,CR_lounge_270110_1632.s3300_chunk50,4
157,CR_lounge_270110_1632.s3300_chunk39,4
158,CR_lounge_270110_1632.s3300_chunk57,4
159,CR_lounge_270110_1632.s3300_chunk11,4
160,CR_lounge_270110_1632.s3300_chunk56,4
161,CR_lounge_270110_1632.s3300_chunk5,4
162,CR_lounge_270110_1632.s3300_chunk45,4
163,CR_lounge_270110_1632.s3300_chunk2,4
164,CR_lounge_270110_1632.s3300_chunk72,4
165,CR_lounge_270110_1632.s3300_chunk27,4
166,CR_lounge_270110_1632.s3300_chunk51,4
167,CR_lounge_270110_1632.s3300_chunk8,4
168,CR_lounge_270110_1632.s3300_chunk37,4
169,CR_lounge_270110_1632.s3300_chunk47,4
170,CR_lounge_270110_1632.s3300_chunk28,4
171,CR_lounge_270110_1632.s3300_chunk36,4
172,CR_lounge_270110_1632.s3300_chunk19,4
173,CR_lounge_270110_1632.s3300_chunk0,4
174,CR_lounge_220110_0731.s3600_chunk3,0
175,CR_lounge_220110_0731.s3600_chunk54,0
176,CR_lounge_220110_0731.s3600_chunk33,0
177,CR_lounge_220110_0731.s3600_chunk24,0
178,CR_lounge_220110_0731.s3600_chunk65,0
179,CR_lounge_220110_0731.s3600_chunk61,0
180,CR_lounge_220110_0731.s3600_chunk45,0
181,CR_lounge_220110_0731.s3600_chunk64,0
182,CR_lounge_220110_0731.s3600_chunk63,0
183,CR_lounge_220110_0731.s3600_chunk35,0
184,CR_lounge_220110_0731.s3600_chunk20,0
185,CR_lounge_220110_0731.s3600_chunk58,0
186,CR_lounge_220110_0731.s3600_chunk11,0
187,CR_lounge_220110_0731.s3600_chunk50,0
188,CR_lounge_220110_0731.s3600_chunk21,0
189,CR_lounge_220110_0731.s3600_chunk30,0
190,CR_lounge_220110_0731.s3600_chunk13,0
191,CR_lounge_220110_0731.s3600_chunk66,0
192,CR_lounge_220110_0731.s3600_chunk62,0
193,CR_lounge_220110_0731.s3600_chunk56,0
194,CR_lounge_220110_0731.s3600_chunk16,0
195,CR_lounge_220110_0731.s3600_chunk42,0
196,CR_lounge_220110_0731.s3600_chunk28,0
197,CR_lounge_220110_0731.s3600_chunk34,0
198,CR_lounge_220110_0731.s3600_chunk38,0
199,CR_lounge_230110_1036.s2100_chunk74,4
200,CR_lounge_230110_1036.s2100_chunk31,4
201,CR_lounge_230110_1036.s2100_chunk12,4
202,CR_lounge_230110_1036.s2100_chunk52,4
203,CR_lounge_230110_1036.s2100_chunk3,4
204,CR_lounge_230110_1036.s2100_chunk70,4
205,CR_lounge_230110_1036.s2100_chunk17,4
206,CR_lounge_230110_1036.s2100_chunk44,4
207,CR_lounge_230110_1036.s2100_chunk73,4
208,CR_lounge_230110_1036.s2100_chunk21,4
209,CR_lounge_230110_1036.s2100_chunk16,4
210,CR_lounge_230110_1036.s2100_chunk25,4
211,CR_lounge_230110_1036.s2100_chunk33,4
212,CR_lounge_230110_1036.s2100_chunk9,4
213,CR_lounge_230110_1036.s2100_chunk19,4
214,CR_lounge_230110_1036.s2100_chunk23,4
215,CR_lounge_230110_1036.s2100_chunk15,4
216,CR_lounge_230110_1036.s2100_chunk56,4
217,CR_lounge_230110_1036.s2100_chunk1,4
218,CR_lounge_230110_1036.s2100_chunk57,4
219,CR_lounge_230110_1036.s2100_chunk71,4
220,CR_lounge_230110_1036.s2100_chunk37,4
221,CR_lounge_230110_1036.s2100_chunk63,4
222,CR_lounge_230110_1036.s2100_chunk46,4
223,CR_lounge_230110_1036.s2100_chunk29,4
224,CR_lounge_230110_1036.s2100_chunk66,4
225,CR_lounge_230110_1036.s2100_chunk60,4
226,CR_lounge_230110_1036.s2100_chunk14,4
227,CR_lounge_230110_1036.s2100_chunk65,4
228,CR_lounge_230110_1501.s3000_chunk4,2
229,CR_lounge_230110_1501.s3000_chunk53,2
230,CR_lounge_230110_1501.s3000_chunk42,2
231,CR_lounge_230110_1501.s3000_chunk11,2
232,CR_lounge_230110_1501.s3000_chunk34,2
233,CR_lounge_230110_1501.s3000_chunk12,2
234,CR_lounge_230110_1501.s3000_chunk1,2
235,CR_lounge_230110_1501.s3000_chunk38,2
236,CR_lounge_230110_1501.s3000_chunk14,2
237,CR_lounge_230110_1501.s3000_chunk29,2
238,CR_lounge_230110_1501.s3000_chunk51,2
239,CR_lounge_230110_1501.s3000_chunk39,2
240,CR_lounge_230110_1501.s3000_chunk72,2
241,CR_lounge_230110_1501.s3000_chunk15,2
242,CR_lounge_230110_1501.s3000_chunk43,2
243,CR_lounge_230110_1501.s3000_chunk16,2
244,CR_lounge_230110_1501.s3000_chunk46,2
245,CR_lounge_230110_1501.s3000_chunk56,2
246,CR_lounge_230110_1501.s3000_chunk18,2
247,CR_lounge_230110_1501.s3000_chunk8,2
248,CR_lounge_230110_1501.s3000_chunk30,2
249,CR_lounge_230110_1501.s3000_chunk0,2
250,CR_lounge_230110_1501.s3000_chunk3,2
251,CR_lounge_230110_1501.s3000_chunk13,2
252,CR_lounge_230110_1501.s3000_chunk20,2
253,CR_lounge_230110_1501.s3000_chunk54,2
254,CR_lounge_230110_1501.s3000_chunk24,2
255,CR_lounge_230110_1501.s3000_chunk17,2
256,CR_lounge_230110_1501.s3000_chunk22,2
257,CR_lounge_230110_1501.s3300_chunk54,3
258,CR_lounge_230110_1501.s3300_chunk50,3
259,CR_lounge_230110_1501.s3300_chunk24,3
260,CR_lounge_230110_1501.s3300_chunk61,3
261,CR_lounge_230110_1501.s3300_chunk70,3
262,CR_lounge_220110_0731.s2100_chunk24,3
263,CR_lounge_220110_0731.s2100_chunk3,3
264,CR_lounge_220110_0731.s2100_chunk72,3
265,CR_lounge_220110_0731.s2100_chunk69,3
266,CR_lounge_220110_0731.s2100_chunk18,3
267,CR_lounge_220110_0731.s2100_chunk67,3
268,CR_lounge_220110_0731.s2100_chunk25,3
269,CR_lounge_220110_0731.s2100_chunk10,3
270,CR_lounge_220110_0731.s2100_chunk43,3
271,CR_lounge_220110_0731.s2100_chunk59,3
272,CR_lounge_220110_0731.s2100_chunk23,3
273,CR_lounge_220110_0731.s2100_chunk46,3
274,CR_lounge_220110_0731.s2100_chunk7,3
275,CR_lounge_220110_0731.s2100_chunk44,3
276,CR_lounge_220110_0731.s2100_chunk34,3
277,CR_lounge_220110_0731.s2100_chunk32,3
278,CR_lounge_220110_0731.s2100_chunk56,3
279,CR_lounge_220110_0731.s2100_chunk61,3
280,CR_lounge_220110_0731.s2100_chunk26,3
281,CR_lounge_220110_0731.s2100_chunk37,3
282,CR_lounge_220110_0731.s2100_chunk12,3
283,CR_lounge_220110_0731.s2100_chunk22,3
284,CR_lounge_220110_0731.s2100_chunk4,3
285,CR_lounge_220110_0731.s2100_chunk21,3
286,CR_lounge_220110_0731.s2100_chunk49,3
287,CR_lounge_220110_0731.s2100_chunk39,3
288,CR_lounge_220110_0731.s2100_chunk74,3
289,CR_lounge_220110_0731.s2100_chunk5,3
290,CR_lounge_220110_0731.s2100_chunk47,3
291,CR_lounge_220110_0731.s2100_chunk62,3
292,CR_lounge_220110_0731.s2100_chunk40,3
293,CR_lounge_200110_1601.s300_chunk41,4
294,CR_lounge_200110_1601.s300_chunk72,4
295,CR_lounge_200110_1601.s300_chunk43,4
296,CR_lounge_200110_1601.s300_chunk59,4
297,CR_lounge_200110_1601.s300_chunk50,4
298,CR_lounge_200110_1601.s300_chunk52,4
299,CR_lounge_200110_1601.s300_chunk63,4
300,CR_lounge_200110_1601.s300_chunk66,4
301,CR_lounge_200110_1601.s300_chunk69,4
302,CR_lounge_200110_1601.s300_chunk36,4
303,CR_lounge_200110_1601.s300_chunk67,4
304,CR_lounge_200110_1601.s300_chunk68,4
305,CR_lounge_200110_1601.s300_chunk2,4
306,CR_lounge_200110_1601.s300_chunk38,4
307,CR_lounge_200110_1601.s300_chunk42,4
308,CR_lounge_200110_1601.s300_chunk65,4
309,CR_lounge_200110_1601.s300_chunk10,4
310,CR_lounge_200110_1601.s300_chunk58,4
311,CR_lounge_200110_1601.s300_chunk61,4
312,CR_lounge_200110_1601.s300_chunk55,4
313,CR_lounge_200110_1601.s300_chunk71,4
314,CR_lounge_200110_1601.s300_chunk60,4
315,CR_lounge_200110_1601.s300_chunk39,4
316,CR_lounge_200110_1601.s300_chunk74,4
317,CR_lounge_200110_1601.s300_chunk53,4
318,CR_lounge_200110_1601.s300_chunk1,4
319,CR_lounge_230110_1501.s2100_chunk39,4
320,CR_lounge_230110_1501.s2100_chunk11,4
321,CR_lounge_230110_1501.s2100_chunk28,4
322,CR_lounge_230110_1501.s2100_chunk14,4
323,CR_lounge_230110_1501.s2100_chunk35,4
324,CR_lounge_230110_1501.s2100_chunk59,4
325,CR_lounge_230110_1501.s2100_chunk61,4
326,CR_lounge_230110_1501.s2100_chunk31,4
327,CR_lounge_230110_1501.s2100_chunk1,4
328,CR_lounge_230110_1501.s2100_chunk51,4
329,CR_lounge_230110_1501.s2100_chunk56,4
330,CR_lounge_230110_1501.s2100_chunk72,4
331,CR_lounge_230110_1501.s2100_chunk42,4
332,CR_lounge_230110_1501.s2100_chunk23,4
333,CR_lounge_230110_1501.s2100_chunk63,4
334,CR_lounge_230110_1501.s2100_chunk60,4
335,CR_lounge_230110_1501.s2100_chunk33,4
336,CR_lounge_230110_1501.s2100_chunk41,4
337,CR_lounge_230110_1501.s2100_chunk27,4
338,CR_lounge_230110_1501.s2100_chunk67,4
339,CR_lounge_230110_1501.s2100_chunk22,4
340,CR_lounge_230110_1501.s2100_chunk53,4
341,CR_lounge_230110_1501.s2100_chunk34,4
342,CR_lounge_230110_1501.s2100_chunk5,4
343,CR_lounge_230110_1501.s2100_chunk49,4
344,CR_lounge_230110_1501.s2100_chunk70,4
345,CR_lounge_230110_1501.s2100_chunk54,4
346,CR_lounge_230110_1501.s2100_chunk50,4
347,CR_lounge_230110_1501.s2100_chunk66,4
348,CR_lounge_230110_1501.s2100_chunk3,4
349,CR_lounge_230110_1501.s2100_chunk0,4
350,CR_lounge_230110_1501.s2100_chunk7,4
351,CR_lounge_230110_1501.s2100_chunk65,4
352,CR_lounge_230110_1501.s2100_chunk62,4
353,CR_lounge_230110_1501.s2100_chunk2,4
354,CR_lounge_230110_1501.s2100_chunk48,4
355,CR_lounge_230110_1501.s2100_chunk57,4
356,CR_lounge_230110_1501.s2100_chunk52,4
357,CR_lounge_230110_1501.s2100_chunk74,4
358,CR_lounge_230110_1501.s2100_chunk30,4
359,CR_lounge_230110_1501.s2100_chunk6,4
360,CR_lounge_230110_1501.s2100_chunk58,4
361,CR_lounge_230110_1501.s2100_chunk32,4
362,CR_lounge_230110_1501.s2100_chunk38,4
363,CR_lounge_230110_1501.s2100_chunk29,4
364,CR_lounge_200110_1601.s2100_chunk2,3
365,CR_lounge_200110_1601.s2100_chunk45,3
366,CR_lounge_200110_1601.s2100_chunk37,3
367,CR_lounge_200110_1601.s2100_chunk25,3
368,CR_lounge_200110_1601.s2100_chunk31,3
369,CR_lounge_200110_1601.s2100_chunk34,3
370,CR_lounge_200110_1601.s2100_chunk74,3
371,CR_lounge_200110_1601.s2100_chunk38,3
372,CR_lounge_200110_1601.s2100_chunk11,3
373,CR_lounge_200110_1601.s2100_chunk9,3
374,CR_lounge_200110_1601.s2100_chunk70,3
375,CR_lounge_200110_1601.s2100_chunk28,3
376,CR_lounge_200110_1601.s2100_chunk4,3
377,CR_lounge_200110_1601.s2100_chunk6,3
378,CR_lounge_200110_1601.s2100_chunk46,3
379,CR_lounge_200110_1601.s2100_chunk24,3
380,CR_lounge_200110_1601.s2100_chunk12,3
381,CR_lounge_200110_1601.s2100_chunk50,3
382,CR_lounge_200110_1601.s2100_chunk47,3
383,CR_lounge_200110_1601.s2100_chunk42,3
384,CR_lounge_200110_1601.s2100_chunk51,3
385,CR_lounge_200110_1601.s2100_chunk39,3
386,CR_lounge_200110_1601.s2100_chunk73,3
387,CR_lounge_200110_1601.s2100_chunk14,3
388,CR_lounge_200110_1601.s2100_chunk22,3
389,CR_lounge_200110_1601.s2100_chunk16,3
390,CR_lounge_200110_1601.s2100_chunk32,3
391,CR_lounge_200110_1601.s2100_chunk3,3
392,CR_lounge_200110_1601.s2100_chunk27,3
393,CR_lounge_200110_1601.s2100_chunk23,3
394,CR_lounge_200110_1601.s2100_chunk8,3
395,CR_lounge_200110_1601.s2100_chunk19,3
396,CR_lounge_200110_1601.s2100_chunk15,3
397,CR_lounge_200110_1601.s2100_chunk5,3
398,CR_lounge_200110_1601.s2100_chunk33,3
399,CR_lounge_200110_1601.s2100_chunk29,3
400,CR_lounge_200110_1601.s2100_chunk10,3
401,CR_lounge_200110_1601.s2100_chunk71,3
402,CR_lounge_200110_1601.s2100_chunk20,3
403,CR_lounge_200110_1601.s2100_chunk41,3
404,CR_lounge_200110_1601.s2100_chunk36,3
405,CR_lounge_200110_1601.s2100_chunk13,3
406,CR_lounge_200110_1601.s2100_chunk1,3
407,CR_lounge_200110_1601.s2100_chunk43,3
408,CR_lounge_200110_1601.s2100_chunk44,3
409,CR_lounge_200110_1601.s2100_chunk49,3
410,CR_lounge_200110_1601.s2100_chunk35,3
411,CR_lounge_230110_1036.s2700_chunk6,0
412,CR_lounge_230110_1036.s2700_chunk72,0
413,CR_lounge_230110_1036.s2700_chunk57,0
414,CR_lounge_230110_1036.s2700_chunk50,0
415,CR_lounge_230110_1036.s2700_chunk39,0
416,CR_lounge_230110_1036.s2700_chunk42,0
417,CR_lounge_230110_1036.s2700_chunk47,0
418,CR_lounge_230110_1036.s2700_chunk1,0
419,CR_lounge_230110_1036.s2700_chunk48,0
420,CR_lounge_230110_1036.s2700_chunk4,0
421,CR_lounge_230110_1036.s2700_chunk69,0
422,CR_lounge_230110_1036.s2700_chunk19,2
423,CR_lounge_230110_1036.s2700_chunk30,0
424,CR_lounge_230110_1036.s2700_chunk32,0
425,CR_lounge_230110_1036.s2700_chunk56,0
426,CR_lounge_230110_1036.s2700_chunk49,0
427,CR_lounge_230110_1036.s2700_chunk71,0
428,CR_lounge_230110_1036.s2700_chunk40,0
429,CR_lounge_230110_1036.s2700_chunk43,0
430,CR_lounge_230110_1036.s2700_chunk41,0
431,CR_lounge_230110_1036.s2700_chunk55,0
432,CR_lounge_230110_1036.s2700_chunk17,0
433,CR_lounge_230110_1036.s2700_chunk68,0
434,CR_lounge_230110_1036.s2700_chunk15,0
435,CR_lounge_230110_1036.s2700_chunk26,2
436,CR_lounge_230110_1036.s2700_chunk62,0
437,CR_lounge_230110_1036.s2700_chunk59,0
438,CR_lounge_230110_1036.s2700_chunk45,0
439,CR_lounge_230110_1036.s2700_chunk73,0
440,CR_lounge_230110_1036.s2700_chunk23,1
441,CR_lounge_230110_1036.s2700_chunk16,1
442,CR_lounge_230110_1036.s2700_chunk64,0
443,CR_lounge_230110_1036.s2700_chunk61,0
444,CR_lounge_230110_1036.s2700_chunk28,0
445,CR_lounge_230110_1036.s2700_chunk52,0
446,CR_lounge_230110_1036.s2700_chunk7,0
447,CR_lounge_230110_1036.s2700_chunk63,0
448,CR_lounge_230110_1036.s2700_chunk27,4
449,CR_lounge_230110_1036.s2700_chunk18,3
450,CR_lounge_230110_1036.s2700_chunk44,0
451,CR_lounge_230110_1036.s2700_chunk38,0
452,CR_lounge_230110_1036.s2700_chunk22,0
453,CR_lounge_230110_1036.s2700_chunk53,0
454,CR_lounge_230110_1036.s2700_chunk46,0
455,CR_lounge_230110_1036.s2700_chunk60,0
456,CR_lounge_230110_1036.s2700_chunk37,0
457,CR_lounge_230110_1501.s1200_chunk15,1
458,CR_lounge_230110_1501.s1200_chunk54,1
459,CR_lounge_230110_1501.s1200_chunk11,1
460,CR_lounge_230110_1501.s1200_chunk28,1
461,CR_lounge_230110_1501.s1200_chunk62,1
462,CR_lounge_230110_1501.s1200_chunk46,1
463,CR_lounge_230110_1501.s1200_chunk52,1
464,CR_lounge_230110_1501.s1200_chunk60,1
465,CR_lounge_230110_1501.s1200_chunk9,1
466,CR_lounge_230110_1501.s1200_chunk56,1
467,CR_lounge_230110_1501.s1200_chunk73,1
468,CR_lounge_230110_1036.s1800_chunk5,0
469,CR_lounge_230110_1036.s1800_chunk15,0
470,CR_lounge_230110_1036.s1800_chunk33,0
471,CR_lounge_230110_1036.s1800_chunk21,0
472,CR_lounge_230110_1036.s1800_chunk20,0
473,CR_lounge_230110_1036.s1800_chunk36,0
474,CR_lounge_230110_1036.s1800_chunk63,0
475,CR_lounge_230110_1036.s1800_chunk60,0
476,CR_lounge_230110_1036.s1800_chunk69,0
477,CR_lounge_230110_1036.s1800_chunk25,0
478,CR_lounge_230110_1036.s1800_chunk6,0
479,CR_lounge_230110_1036.s1800_chunk44,0
480,CR_lounge_230110_1036.s1800_chunk43,0
481,CR_lounge_230110_1036.s1800_chunk41,0
482,CR_lounge_230110_1036.s1800_chunk65,0
483,CR_lounge_230110_1036.s1800_chunk4,0
484,CR_lounge_230110_1036.s1800_chunk13,0
485,CR_lounge_230110_1036.s1800_chunk47,0
486,CR_lounge_230110_1036.s1800_chunk7,0
487,CR_lounge_230110_1036.s1800_chunk67,0
488,CR_lounge_230110_1036.s1800_chunk64,0
489,CR_lounge_230110_1036.s1800_chunk74,0
490,CR_lounge_230110_1036.s1800_chunk49,0
491,CR_lounge_230110_1036.s1800_chunk56,0
492,CR_lounge_230110_1036.s1800_chunk16,0
493,CR_lounge_230110_1036.s1800_chunk42,0
494,CR_lounge_230110_1036.s1800_chunk31,0
495,CR_lounge_230110_1036.s1800_chunk28,0
496,CR_lounge_230110_1036.s1800_chunk55,0
497,CR_lounge_230110_1036.s1800_chunk68,0
498,CR_lounge_230110_1036.s1800_chunk14,0
499,CR_lounge_230110_1036.s1800_chunk37,0
500,CR_lounge_230110_1036.s1800_chunk29,0
501,CR_lounge_230110_1501.s2700_chunk69,0
502,CR_lounge_230110_1501.s2700_chunk39,0
503,CR_lounge_230110_1501.s2700_chunk17,0
504,CR_lounge_230110_1501.s2700_chunk50,0
505,CR_lounge_230110_1501.s2700_chunk70,0
506,CR_lounge_230110_1501.s2700_chunk61,0
507,CR_lounge_230110_1501.s2700_chunk24,0
508,CR_lounge_230110_1501.s2700_chunk20,0
509,CR_lounge_230110_1501.s2700_chunk63,0
510,CR_lounge_230110_1501.s2700_chunk14,0
511,CR_lounge_230110_1501.s2700_chunk23,0
512,CR_lounge_230110_1501.s2700_chunk8,0
513,CR_lounge_230110_1501.s2700_chunk52,0
514,CR_lounge_230110_1501.s2700_chunk51,0
515,CR_lounge_230110_1501.s2700_chunk26,0
516,CR_lounge_230110_1501.s2700_chunk16,0
517,CR_lounge_230110_1501.s2700_chunk19,0
518,CR_lounge_230110_1501.s2700_chunk59,0
519,CR_lounge_230110_1501.s2700_chunk62,0
520,CR_lounge_230110_1501.s2700_chunk66,0
521,CR_lounge_230110_1501.s2700_chunk45,0
522,CR_lounge_230110_1501.s2700_chunk30,0
523,CR_lounge_230110_1501.s2700_chunk55,0
524,CR_lounge_230110_1501.s2700_chunk43,0
525,CR_lounge_230110_1501.s2700_chunk74,0
526,CR_lounge_230110_1501.s2700_chunk49,0
527,CR_lounge_230110_1501.s2700_chunk35,0
528,CR_lounge_230110_1501.s2700_chunk73,0
529,CR_lounge_230110_1501.s2700_chunk53,0
530,CR_lounge_230110_1501.s2700_chunk5,0
531,CR_lounge_230110_1501.s2700_chunk64,0
532,CR_lounge_230110_1501.s2700_chunk21,0
533,CR_lounge_230110_1501.s2700_chunk18,0
534,CR_lounge_230110_1501.s2700_chunk60,0
535,CR_lounge_230110_1501.s2700_chunk9,0
536,CR_lounge_230110_1501.s2700_chunk38,0
537,CR_lounge_270110_1632.s2100_chunk29,0
538,CR_lounge_270110_1632.s2100_chunk36,0
539,CR_lounge_270110_1632.s2100_chunk42,0
540,CR_lounge_270110_1632.s2100_chunk13,0
541,CR_lounge_270110_1632.s2100_chunk10,0
542,CR_lounge_270110_1632.s2100_chunk61,0
543,CR_lounge_270110_1632.s2100_chunk2,0
544,CR_lounge_270110_1632.s2100_chunk53,0
545,CR_lounge_270110_1632.s2100_chunk64,0
546,CR_lounge_270110_1632.s2100_chunk60,0
547,CR_lounge_270110_1632.s2100_chunk45,0
548,CR_lounge_270110_1632.s2100_chunk58,0
549,CR_lounge_270110_1632.s2100_chunk62,0
550,CR_lounge_270110_1632.s2100_chunk12,0
551,CR_lounge_270110_1632.s2100_chunk4,0
552,CR_lounge_270110_1632.s2100_chunk51,0
553,CR_lounge_270110_1632.s2100_chunk66,0
554,CR_lounge_270110_1632.s2100_chunk3,0
555,CR_lounge_270110_1632.s2100_chunk71,0
556,CR_lounge_270110_1632.s2100_chunk52,0
557,CR_lounge_270110_1632.s2100_chunk57,0
558,CR_lounge_270110_1632.s2100_chunk22,0
559,CR_lounge_270110_1632.s2100_chunk68,0
560,CR_lounge_270110_1632.s2100_chunk15,0
561,CR_lounge_270110_1632.s2100_chunk6,0
562,CR_lounge_200110_1601.s3900_chunk15,0
563,CR_lounge_200110_1601.s3900_chunk5,0
564,CR_lounge_200110_1601.s3900_chunk42,0
565,CR_lounge_200110_1601.s3900_chunk1,0
566,CR_lounge_200110_1601.s3900_chunk25,0
567,CR_lounge_200110_1601.s3900_chunk0,0
568,CR_lounge_200110_1601.s3900_chunk45,0
569,CR_lounge_200110_1601.s3900_chunk18,0
570,CR_lounge_200110_1601.s3900_chunk16,0
571,CR_lounge_200110_1601.s3900_chunk8,0
572,CR_lounge_200110_1601.s3900_chunk14,0
573,CR_lounge_200110_1601.s3900_chunk31,0
574,CR_lounge_200110_1601.s3900_chunk48,0
575,CR_lounge_200110_1601.s3900_chunk41,0
576,CR_lounge_200110_1601.s3900_chunk24,0
577,CR_lounge_200110_1601.s3900_chunk36,0
578,CR_lounge_200110_1601.s3900_chunk44,0
579,CR_lounge_200110_1601.s3900_chunk13,0
580,CR_lounge_200110_1601.s3900_chunk32,0
581,CR_lounge_200110_1601.s3900_chunk35,0
582,CR_lounge_200110_1601.s3900_chunk21,0
583,CR_lounge_200110_1601.s3900_chunk37,0
584,CR_lounge_200110_1601.s3900_chunk19,0
585,CR_lounge_200110_1601.s3900_chunk6,0
586,CR_lounge_200110_1601.s3900_chunk46,0
587,CR_lounge_200110_1601.s3900_chunk34,0
588,CR_lounge_200110_1601.s3900_chunk49,0
589,CR_lounge_200110_1601.s3900_chunk22,0
590,CR_lounge_200110_1601.s3900_chunk38,0
591,CR_lounge_200110_1601.s3900_chunk17,0
592,CR_lounge_200110_1601.s3900_chunk26,0
593,CR_lounge_200110_1601.s3900_chunk4,0
594,CR_lounge_200110_1601.s3900_chunk39,0
595,CR_lounge_200110_1601.s3900_chunk20,0
596,CR_lounge_200110_1601.s3900_chunk40,0
597,CR_lounge_230110_1501.s300_chunk0,4
598,CR_lounge_230110_1501.s300_chunk24,4
599,CR_lounge_230110_1501.s300_chunk28,4
600,CR_lounge_230110_1501.s300_chunk58,4
601,CR_lounge_230110_1501.s300_chunk52,4
602,CR_lounge_230110_1501.s300_chunk47,4
603,CR_lounge_230110_1501.s300_chunk3,4
604,CR_lounge_230110_1501.s300_chunk12,4
605,CR_lounge_230110_1501.s300_chunk23,4
606,CR_lounge_230110_1501.s300_chunk44,4
607,CR_lounge_230110_1501.s300_chunk14,4
608,CR_lounge_230110_1501.s300_chunk36,4
609,CR_lounge_230110_1501.s300_chunk2,4
610,CR_lounge_230110_1501.s300_chunk15,4
611,CR_lounge_230110_1501.s300_chunk20,4
612,CR_lounge_230110_1501.s300_chunk25,4
613,CR_lounge_230110_1501.s300_chunk41,4
614,CR_lounge_230110_1501.s300_chunk67,4
615,CR_lounge_230110_1501.s300_chunk59,4
616,CR_lounge_230110_1501.s300_chunk73,4
617,CR_lounge_230110_1501.s300_chunk13,4
618,CR_lounge_230110_1501.s300_chunk22,4
619,CR_lounge_230110_1501.s300_chunk27,4
620,CR_lounge_230110_1501.s300_chunk61,4
621,CR_lounge_270110_1632.s900_chunk28,3
622,CR_lounge_270110_1632.s900_chunk31,3
623,CR_lounge_270110_1632.s900_chunk59,3
624,CR_lounge_270110_1632.s900_chunk5,3
625,CR_lounge_270110_1632.s900_chunk34,3
626,CR_lounge_270110_1632.s900_chunk10,3
627,CR_lounge_270110_1632.s900_chunk72,3
628,CR_lounge_270110_1632.s900_chunk24,3
629,CR_lounge_270110_1632.s900_chunk0,3
630,CR_lounge_270110_1632.s900_chunk54,3
631,CR_lounge_270110_1632.s900_chunk42,3
632,CR_lounge_270110_1632.s900_chunk33,3
633,CR_lounge_270110_1632.s900_chunk2,3
634,CR_lounge_270110_1632.s900_chunk36,3
635,CR_lounge_270110_1632.s900_chunk74,3
636,CR_lounge_270110_1632.s900_chunk50,3
637,CR_lounge_270110_1632.s900_chunk14,3
638,CR_lounge_270110_1632.s900_chunk18,3
639,CR_lounge_270110_1632.s900_chunk22,3
640,CR_lounge_270110_1632.s900_chunk55,3
641,CR_lounge_270110_1632.s900_chunk71,3
642,CR_lounge_270110_1632.s900_chunk19,3
643,CR_lounge_270110_1632.s900_chunk60,3
644,CR_lounge_270110_1632.s900_chunk58,3
645,CR_lounge_270110_1632.s900_chunk48,3
646,CR_lounge_270110_1632.s900_chunk73,3
647,CR_lounge_270110_1632.s900_chunk68,3
648,CR_lounge_270110_1632.s900_chunk30,3
649,CR_lounge_270110_1632.s900_chunk11,3
650,CR_lounge_270110_1632.s900_chunk9,3
651,CR_lounge_270110_1632.s900_chunk40,3
652,CR_lounge_270110_1632.s900_chunk26,3
653,CR_lounge_270110_1632.s900_chunk32,3
654,CR_lounge_210110_0739.s1800_chunk21,2
655,CR_lounge_210110_0739.s1800_chunk38,2
656,CR_lounge_210110_0739.s1800_chunk67,2
657,CR_lounge_210110_0739.s1800_chunk46,2
658,CR_lounge_210110_0739.s1800_chunk31,2
659,CR_lounge_210110_0739.s1800_chunk50,2
660,CR_lounge_210110_0739.s1800_chunk7,2
661,CR_lounge_210110_0739.s1800_chunk23,2
662,CR_lounge_210110_0739.s1800_chunk37,2
663,CR_lounge_210110_0739.s1800_chunk8,2
664,CR_lounge_200110_1601.s3000_chunk23,4
665,CR_lounge_200110_1601.s3000_chunk30,4
666,CR_lounge_200110_1601.s3000_chunk57,4
667,CR_lounge_200110_1601.s3000_chunk8,4
668,CR_lounge_200110_1601.s3000_chunk7,4
669,CR_lounge_200110_1601.s3000_chunk31,4
670,CR_lounge_200110_1601.s3000_chunk69,4
671,CR_lounge_200110_1601.s3000_chunk67,4
672,CR_lounge_200110_1601.s3000_chunk16,4
673,CR_lounge_200110_1601.s3000_chunk36,4
674,CR_lounge_200110_1601.s3000_chunk64,4
675,CR_lounge_200110_1601.s3000_chunk63,4
676,CR_lounge_200110_1601.s3000_chunk58,4
677,CR_lounge_200110_1601.s3000_chunk28,4
678,CR_lounge_200110_1601.s3000_chunk50,4
679,CR_lounge_200110_1601.s3000_chunk74,4
680,CR_lounge_200110_1601.s3000_chunk13,4
681,CR_lounge_200110_1601.s3000_chunk37,4
682,CR_lounge_200110_1601.s3000_chunk47,4
683,CR_lounge_200110_1601.s3000_chunk19,4
684,CR_lounge_200110_1601.s3000_chunk33,4
685,CR_lounge_200110_1601.s3000_chunk42,4
686,CR_lounge_200110_1601.s3000_chunk62,4
687,CR_lounge_200110_1601.s3000_chunk27,4
688,CR_lounge_200110_1601.s3000_chunk44,4
689,CR_lounge_200110_1601.s3000_chunk3,4
690,CR_lounge_200110_1601.s3000_chunk14,4
691,CR_lounge_200110_1601.s3000_chunk1,4
692,CR_lounge_200110_1601.s3000_chunk12,4
693,CR_lounge_200110_1601.s3000_chunk60,4
694,CR_lounge_200110_1601.s3000_chunk34,4
695,CR_lounge_200110_1601.s3000_chunk70,4
696,CR_lounge_200110_1601.s3000_chunk0,4
697,CR_lounge_200110_1601.s3000_chunk24,4
698,CR_lounge_200110_1601.s3000_chunk59,4
699,CR_lounge_200110_1601.s3000_chunk4,4
700,CR_lounge_200110_1601.s3000_chunk18,4
701,CR_lounge_200110_1601.s3000_chunk56,4
702,CR_lounge_200110_1601.s3000_chunk61,4
703,CR_lounge_200110_1601.s3000_chunk51,4
704,CR_lounge_200110_1601.s3000_chunk49,4
705,CR_lounge_200110_1601.s3000_chunk15,4
706,CR_lounge_200110_1601.s3000_chunk22,4
707,CR_lounge_200110_1601.s3000_chunk40,4
708,CR_lounge_200110_1601.s3000_chunk10,4
709,CR_lounge_200110_1601.s3000_chunk65,4
710,CR_lounge_200110_1601.s3000_chunk43,4
711,CR_lounge_200110_1601.s3000_chunk46,4
712,CR_lounge_200110_1601.s3000_chunk17,4
713,CR_lounge_200110_1601.s3000_chunk71,4
714,CR_lounge_200110_1601.s3000_chunk2,4
715,CR_lounge_200110_1601.s3000_chunk6,4
716,CR_lounge_200110_1601.s3000_chunk38,4
717,CR_lounge_200110_1601.s3000_chunk32,4
718,CR_lounge_200110_1601.s3000_chunk9,4
719,CR_lounge_200110_1601.s3000_chunk11,4
720,CR_lounge_200110_1601.s3000_chunk20,4
721,CR_lounge_200110_1601.s3000_chunk68,4
722,CR_lounge_200110_1601.s3000_chunk45,4
723,CR_lounge_200110_1601.s3000_chunk21,4
724,CR_lounge_200110_1601.s3000_chunk29,4
725,CR_lounge_200110_1601.s3000_chunk52,4
726,CR_lounge_200110_1601.s3000_chunk5,4
727,CR_lounge_200110_1601.s3000_chunk25,4
728,CR_lounge_230110_1036.s0_chunk14,2
729,CR_lounge_230110_1036.s0_chunk4,2
730,CR_lounge_230110_1036.s0_chunk2,2
731,CR_lounge_230110_1036.s0_chunk33,2
732,CR_lounge_230110_1036.s0_chunk20,2
733,CR_lounge_230110_1036.s0_chunk46,2
734,CR_lounge_230110_1036.s0_chunk64,2
735,CR_lounge_230110_1036.s0_chunk56,2
736,CR_lounge_230110_1036.s0_chunk32,2
737,CR_lounge_230110_1036.s0_chunk60,2
738,CR_lounge_230110_1036.s0_chunk36,2
739,CR_lounge_230110_1036.s0_chunk29,2
740,CR_lounge_230110_1036.s0_chunk22,2
741,CR_lounge_230110_1036.s0_chunk43,2
742,CR_lounge_230110_1036.s0_chunk42,2
743,CR_lounge_230110_1036.s0_chunk66,2
744,CR_lounge_230110_1036.s0_chunk9,2
745,CR_lounge_230110_1036.s0_chunk58,2
746,CR_lounge_230110_1036.s0_chunk48,2
747,CR_lounge_230110_1036.s0_chunk19,2
748,CR_lounge_230110_1036.s0_chunk10,2
749,CR_lounge_230110_1036.s0_chunk61,2
750,CR_lounge_230110_1036.s0_chunk72,2
751,CR_lounge_230110_1036.s0_chunk45,2
752,CR_lounge_230110_1036.s0_chunk30,2
753,CR_lounge_230110_1036.s0_chunk63,2
754,CR_lounge_230110_1036.s0_chunk69,2
755,CR_lounge_230110_1036.s0_chunk26,2
756,CR_lounge_230110_1036.s0_chunk57,2
757,CR_lounge_230110_1036.s0_chunk47,2
758,CR_lounge_230110_1036.s0_chunk71,2
759,CR_lounge_230110_1036.s0_chunk67,2
760,CR_lounge_230110_1036.s0_chunk65,2
761,CR_lounge_230110_1036.s0_chunk41,2
762,CR_lounge_230110_1036.s0_chunk39,2
763,CR_lounge_230110_1036.s0_chunk62,2
764,CR_lounge_230110_1036.s0_chunk49,2
765,CR_lounge_230110_1036.s0_chunk35,2
766,CR_lounge_230110_1036.s0_chunk3,2
767,CR_lounge_230110_1036.s0_chunk21,2
768,CR_lounge_230110_1036.s0_chunk8,2
769,CR_lounge_230110_1036.s0_chunk11,2
770,CR_lounge_230110_1036.s0_chunk17,2
771,CR_lounge_230110_1036.s0_chunk59,2
772,CR_lounge_230110_1036.s300_chunk40,3
773,CR_lounge_230110_1036.s300_chunk22,3
774,CR_lounge_230110_1036.s300_chunk71,3
775,CR_lounge_230110_1036.s300_chunk47,3
776,CR_lounge_230110_1036.s300_chunk1,3
777,CR_lounge_230110_1036.s300_chunk4,3
778,CR_lounge_230110_1036.s300_chunk42,3
779,CR_lounge_230110_1036.s300_chunk18,3
780,CR_lounge_230110_1036.s300_chunk48,3
781,CR_lounge_230110_1036.s300_chunk60,3
782,CR_lounge_230110_1036.s300_chunk12,3
783,CR_lounge_230110_1036.s300_chunk14,3
784,CR_lounge_230110_1036.s300_chunk23,3
785,CR_lounge_230110_1036.s300_chunk7,3
786,CR_lounge_230110_1036.s300_chunk39,3
787,CR_lounge_230110_1036.s300_chunk24,3
788,CR_lounge_230110_1036.s300_chunk56,3
789,CR_lounge_230110_1036.s300_chunk13,3
790,CR_lounge_230110_1036.s300_chunk8,3
791,CR_lounge_230110_1036.s300_chunk5,3
792,CR_lounge_230110_1036.s300_chunk0,3
793,CR_lounge_230110_1036.s300_chunk17,3
794,CR_lounge_230110_1036.s300_chunk3,3
795,CR_lounge_230110_1036.s300_chunk20,3
796,CR_lounge_230110_1036.s300_chunk6,3
797,CR_lounge_230110_1036.s300_chunk2,3
798,CR_lounge_230110_1036.s300_chunk46,3
799,CR_lounge_230110_1036.s300_chunk61,3
800,CR_lounge_210110_0739.s2100_chunk7,1
801,CR_lounge_210110_0739.s2100_chunk38,1
802,CR_lounge_210110_0739.s2100_chunk66,1
803,CR_lounge_210110_0739.s2100_chunk8,1
804,CR_lounge_210110_0739.s2100_chunk63,1
805,CR_lounge_210110_0739.s2100_chunk40,1
806,CR_lounge_210110_0739.s2100_chunk17,1
807,CR_lounge_210110_0739.s2100_chunk29,1
808,CR_lounge_210110_0739.s2100_chunk30,1
809,CR_lounge_210110_0739.s2100_chunk50,1
810,CR_lounge_210110_0739.s2100_chunk33,1
811,CR_lounge_210110_0739.s2100_chunk58,1
812,CR_lounge_210110_0739.s2100_chunk51,1
813,CR_lounge_210110_0739.s2100_chunk1,1
814,CR_lounge_210110_0739.s2100_chunk48,1
815,CR_lounge_210110_0739.s2100_chunk57,1
816,CR_lounge_210110_0739.s2100_chunk52,1
817,CR_lounge_210110_0739.s2100_chunk70,1
818,CR_lounge_210110_0739.s2100_chunk74,1
819,CR_lounge_210110_0739.s2100_chunk71,1
820,CR_lounge_210110_0739.s2100_chunk37,1
821,CR_lounge_210110_0739.s2100_chunk54,1
822,CR_lounge_210110_0739.s2100_chunk46,1
823,CR_lounge_210110_0739.s2100_chunk44,1
824,CR_lounge_210110_0739.s2100_chunk9,1
825,CR_lounge_210110_0739.s2100_chunk19,1
826,CR_lounge_210110_0739.s2100_chunk56,1
827,CR_lounge_210110_0739.s2100_chunk27,1
828,CR_lounge_210110_0739.s2100_chunk41,1
829,CR_lounge_210110_0739.s2100_chunk60,1
830,CR_lounge_210110_0739.s1500_chunk70,3
831,CR_lounge_210110_0739.s1500_chunk4,3
832,CR_lounge_210110_0739.s1500_chunk3,3
833,CR_lounge_210110_0739.s1500_chunk0,3
834,CR_lounge_210110_0739.s1500_chunk58,3
835,CR_lounge_210110_0739.s1500_chunk29,3
836,CR_lounge_210110_0739.s1500_chunk6,3
837,CR_lounge_210110_0739.s1500_chunk68,3
838,CR_lounge_210110_0739.s1500_chunk62,3
839,CR_lounge_210110_0739.s1500_chunk5,3
840,CR_lounge_210110_0739.s1500_chunk16,3
841,CR_lounge_210110_0739.s1500_chunk8,3
842,CR_lounge_210110_0739.s1500_chunk22,3
843,CR_lounge_210110_0739.s1500_chunk66,3
844,CR_lounge_210110_0739.s1500_chunk69,3
845,CR_lounge_210110_0739.s1500_chunk10,3
846,CR_lounge_210110_0739.s1500_chunk67,3
847,CR_lounge_210110_0739.s1500_chunk33,3
848,CR_lounge_210110_0739.s1500_chunk2,3
849,CR_lounge_210110_0739.s1500_chunk59,3
850,CR_lounge_210110_0739.s1500_chunk1,3
851,CR_lounge_210110_0739.s1500_chunk72,3
852,CR_lounge_210110_0739.s1500_chunk18,3
853,CR_lounge_210110_0739.s1500_chunk71,3
854,CR_lounge_220110_0731.s1500_chunk60,4
855,CR_lounge_220110_0731.s1500_chunk22,4
856,CR_lounge_220110_0731.s1500_chunk58,4
857,CR_lounge_220110_0731.s1500_chunk69,4
858,CR_lounge_220110_0731.s1500_chunk66,4
859,CR_lounge_220110_0731.s1500_chunk55,4
860,CR_lounge_220110_0731.s1500_chunk26,4
861,CR_lounge_220110_0731.s1500_chunk62,4
862,CR_lounge_220110_0731.s1500_chunk67,4
863,CR_lounge_220110_0731.s1500_chunk2,4
864,CR_lounge_220110_0731.s1500_chunk23,4
865,CR_lounge_220110_0731.s1500_chunk15,4
866,CR_lounge_220110_0731.s1500_chunk33,4
867,CR_lounge_220110_0731.s1500_chunk45,4
868,CR_lounge_220110_0731.s1500_chunk24,4
869,CR_lounge_220110_0731.s1500_chunk73,4
870,CR_lounge_220110_0731.s1500_chunk52,4
871,CR_lounge_220110_0731.s1500_chunk71,4
872,CR_lounge_220110_0731.s1500_chunk63,4
873,CR_lounge_220110_0731.s1500_chunk65,4
874,CR_lounge_220110_0731.s1500_chunk27,4
875,CR_lounge_220110_0731.s1500_chunk25,4
876,CR_lounge_220110_0731.s1500_chunk41,4
877,CR_lounge_220110_0731.s1500_chunk70,4
878,CR_lounge_220110_0731.s1500_chunk61,4
879,CR_lounge_220110_0731.s1500_chunk50,4
880,CR_lounge_220110_0731.s1500_chunk42,4
881,CR_lounge_220110_0731.s1500_chunk57,4
882,CR_lounge_220110_0731.s1500_chunk37,4
883,CR_lounge_220110_0731.s1500_chunk59,4
884,CR_lounge_220110_0731.s1500_chunk43,4
885,CR_lounge_220110_0731.s1500_chunk49,4
886,CR_lounge_220110_0731.s1500_chunk32,4
887,CR_lounge_220110_0731.s1500_chunk35,4
888,CR_lounge_220110_0731.s1500_chunk46,4
889,CR_lounge_220110_0731.s1500_chunk53,4
890,CR_lounge_220110_0731.s1500_chunk30,4
891,CR_lounge_220110_0731.s1500_chunk31,4
892,CR_lounge_220110_0731.s1500_chunk47,4
893,CR_lounge_220110_0731.s1500_chunk34,4
894,CR_lounge_220110_0731.s1500_chunk56,4
895,CR_lounge_220110_0731.s1500_chunk72,4
896,CR_lounge_220110_0731.s300_chunk62,2
897,CR_lounge_220110_0731.s300_chunk19,2
898,CR_lounge_220110_0731.s300_chunk43,2
899,CR_lounge_220110_0731.s300_chunk41,2
900,CR_lounge_220110_0731.s300_chunk64,2
901,CR_lounge_220110_0731.s300_chunk58,2
902,CR_lounge_220110_0731.s300_chunk72,2
903,CR_lounge_220110_0731.s300_chunk45,2
904,CR_lounge_220110_0731.s300_chunk69,2
905,CR_lounge_220110_0731.s300_chunk67,2
906,CR_lounge_220110_0731.s300_chunk36,2
907,CR_lounge_220110_0731.s300_chunk54,2
908,CR_lounge_220110_0731.s300_chunk10,2
909,CR_lounge_220110_0731.s300_chunk20,2
910,CR_lounge_220110_0731.s300_chunk37,2
911,CR_lounge_220110_0731.s300_chunk42,2
912,CR_lounge_220110_0731.s300_chunk50,2
913,CR_lounge_220110_0731.s300_chunk23,2
914,CR_lounge_220110_0731.s300_chunk33,2
915,CR_lounge_220110_0731.s300_chunk6,2
916,CR_lounge_220110_0731.s300_chunk38,2
917,CR_lounge_220110_0731.s300_chunk51,2
918,CR_lounge_220110_0731.s300_chunk70,2
919,CR_lounge_220110_0731.s300_chunk49,2
920,CR_lounge_220110_0731.s300_chunk34,2
921,CR_lounge_220110_0731.s300_chunk18,2
922,CR_lounge_220110_0731.s300_chunk68,2
923,CR_lounge_220110_0731.s300_chunk57,2
924,CR_lounge_220110_0731.s300_chunk52,2
925,CR_lounge_220110_0731.s300_chunk55,2
926,CR_lounge_220110_0731.s300_chunk16,2
927,CR_lounge_220110_0731.s300_chunk5,2
928,CR_lounge_220110_0731.s300_chunk39,2
929,CR_lounge_220110_0731.s300_chunk59,2
930,CR_lounge_220110_0731.s300_chunk53,2
931,CR_lounge_220110_0731.s300_chunk56,2
932,CR_lounge_220110_0731.s300_chunk74,2
933,CR_lounge_220110_0731.s300_chunk40,2
934,CR_lounge_220110_0731.s300_chunk48,2
935,CR_lounge_220110_0731.s300_chunk46,2
936,CR_lounge_220110_0731.s300_chunk4,2
937,CR_lounge_200110_1711.s1800_chunk55,0
938,CR_lounge_200110_1711.s1800_chunk6,0
939,CR_lounge_200110_1711.s1800_chunk28,0
940,CR_lounge_200110_1711.s1800_chunk46,0
941,CR_lounge_200110_1711.s1800_chunk0,0
942,CR_lounge_200110_1711.s1800_chunk24,0
943,CR_lounge_200110_1711.s1800_chunk30,0
944,CR_lounge_200110_1711.s1800_chunk44,0
945,CR_lounge_200110_1711.s1800_chunk34,0
946,CR_lounge_200110_1711.s1800_chunk16,0
947,CR_lounge_200110_1711.s1800_chunk1,0
948,CR_lounge_200110_1711.s1800_chunk13,0
949,CR_lounge_200110_1711.s1800_chunk2,0
950,CR_lounge_200110_1711.s1800_chunk51,0
951,CR_lounge_200110_1711.s1800_chunk48,0
952,CR_lounge_200110_1711.s1800_chunk49,0
953,CR_lounge_200110_1711.s1800_chunk45,0
954,CR_lounge_200110_1711.s1800_chunk50,0
955,CR_lounge_200110_1711.s1800_chunk27,0
956,CR_lounge_200110_1711.s1800_chunk32,0
957,CR_lounge_200110_1711.s1800_chunk52,0
958,CR_lounge_200110_1711.s1800_chunk22,0
959,CR_lounge_200110_1711.s1800_chunk41,0
960,CR_lounge_200110_1711.s1800_chunk5,0
961,CR_lounge_200110_1711.s1800_chunk33,0
962,CR_lounge_200110_1711.s1800_chunk35,0
963,CR_lounge_200110_1711.s1800_chunk7,0
964,CR_lounge_200110_1711.s1800_chunk36,0
965,CR_lounge_200110_1711.s1800_chunk11,0
966,CR_lounge_200110_1711.s1800_chunk3,0
967,CR_lounge_200110_1711.s1800_chunk21,0
968,CR_lounge_220110_0731.s3000_chunk16,0
969,CR_lounge_220110_0731.s3000_chunk57,0
970,CR_lounge_220110_0731.s3000_chunk41,0
971,CR_lounge_220110_0731.s3000_chunk25,0
972,CR_lounge_220110_0731.s3000_chunk62,0
973,CR_lounge_220110_0731.s3000_chunk8,0
974,CR_lounge_220110_0731.s3000_chunk59,0
975,CR_lounge_220110_0731.s3000_chunk66,0
976,CR_lounge_220110_0731.s3000_chunk52,0
977,CR_lounge_220110_0731.s3000_chunk32,0
978,CR_lounge_220110_0731.s3000_chunk64,0
979,CR_lounge_220110_0731.s3000_chunk29,0
980,CR_lounge_220110_0731.s3000_chunk63,0
981,CR_lounge_220110_0731.s3000_chunk35,0
982,CR_lounge_220110_0731.s3000_chunk27,0
983,CR_lounge_220110_0731.s3000_chunk53,0
984,CR_lounge_220110_0731.s3000_chunk2,0
985,CR_lounge_220110_0731.s3000_chunk49,0
986,CR_lounge_220110_0731.s3000_chunk18,0
987,CR_lounge_220110_0731.s3000_chunk48,0
988,CR_lounge_220110_0731.s3000_chunk51,0
989,CR_lounge_220110_0731.s3000_chunk24,0
990,CR_lounge_220110_0731.s3000_chunk34,0
991,CR_lounge_220110_0731.s3000_chunk43,0
992,CR_lounge_220110_0731.s3000_chunk37,0
993,CR_lounge_220110_0731.s3000_chunk45,0
994,CR_lounge_200110_1711.s300_chunk14,1
995,CR_lounge_200110_1711.s300_chunk37,1
996,CR_lounge_200110_1711.s300_chunk38,1
997,CR_lounge_200110_1711.s300_chunk46,1
998,CR_lounge_200110_1711.s300_chunk53,1
999,CR_lounge_200110_1711.s300_chunk68,1
1000,CR_lounge_200110_1711.s300_chunk39,1
1001,CR_lounge_200110_1711.s300_chunk42,1
1002,CR_lounge_200110_1711.s300_chunk35,1
1003,CR_lounge_200110_1711.s300_chunk16,1
1004,CR_lounge_200110_1711.s300_chunk8,1
1005,CR_lounge_200110_1711.s300_chunk73,1
1006,CR_lounge_200110_1711.s300_chunk13,1
1007,CR_lounge_200110_1711.s300_chunk62,1
1008,CR_lounge_200110_1711.s300_chunk34,1
1009,CR_lounge_200110_1711.s300_chunk1,1
1010,CR_lounge_200110_1711.s300_chunk22,1
1011,CR_lounge_200110_1711.s300_chunk69,1
1012,CR_lounge_200110_1711.s300_chunk45,1
1013,CR_lounge_200110_1711.s300_chunk19,1
1014,CR_lounge_200110_1711.s300_chunk67,1
1015,CR_lounge_200110_1711.s300_chunk74,1
1016,CR_lounge_200110_1711.s300_chunk72,1
1017,CR_lounge_200110_1711.s300_chunk41,1
1018,CR_lounge_200110_1711.s300_chunk5,1
1019,CR_lounge_210110_0739.s600_chunk13,3
1020,CR_lounge_210110_0739.s600_chunk62,3
1021,CR_lounge_210110_0739.s600_chunk23,3
1022,CR_lounge_210110_0739.s600_chunk4,3
1023,CR_lounge_210110_0739.s600_chunk67,3
1024,CR_lounge_210110_0739.s600_chunk1,3
1025,CR_lounge_210110_0739.s600_chunk64,3
1026,CR_lounge_210110_0739.s600_chunk9,3
1027,CR_lounge_210110_0739.s600_chunk54,3
1028,CR_lounge_210110_0739.s600_chunk74,3
1029,CR_lounge_210110_0739.s600_chunk29,4
1030,CR_lounge_210110_0739.s600_chunk0,3
1031,CR_lounge_210110_0739.s600_chunk7,3
1032,CR_lounge_210110_0739.s600_chunk61,3
1033,CR_lounge_210110_0739.s600_chunk28,3
1034,CR_lounge_210110_0739.s600_chunk36,3
1035,CR_lounge_210110_0739.s600_chunk63,3
1036,CR_lounge_210110_0739.s600_chunk10,3
1037,CR_lounge_210110_0739.s600_chunk58,3
1038,CR_lounge_230110_1036.s900_chunk58,4
1039,CR_lounge_230110_1036.s900_chunk34,4
1040,CR_lounge_230110_1036.s900_chunk31,4
1041,CR_lounge_230110_1036.s900_chunk29,4
1042,CR_lounge_230110_1036.s900_chunk14,4
1043,CR_lounge_230110_1036.s900_chunk46,4
1044,CR_lounge_230110_1036.s900_chunk71,4
1045,CR_lounge_230110_1036.s900_chunk44,4
1046,CR_lounge_230110_1036.s900_chunk35,4
1047,CR_lounge_230110_1036.s900_chunk32,4
1048,CR_lounge_230110_1036.s900_chunk8,4
1049,CR_lounge_230110_1036.s900_chunk64,4
1050,CR_lounge_230110_1036.s900_chunk45,4
1051,CR_lounge_230110_1036.s900_chunk39,4
1052,CR_lounge_230110_1036.s900_chunk51,4
1053,CR_lounge_230110_1036.s900_chunk30,4
1054,CR_lounge_230110_1036.s900_chunk42,4
1055,CR_lounge_230110_1036.s900_chunk74,4
1056,CR_lounge_230110_1036.s900_chunk50,4
1057,CR_lounge_230110_1036.s900_chunk17,4
1058,CR_lounge_230110_1036.s900_chunk15,4
1059,CR_lounge_230110_1036.s900_chunk3,4
1060,CR_lounge_230110_1036.s900_chunk48,4
1061,CR_lounge_230110_1036.s900_chunk54,4
1062,CR_lounge_230110_1036.s900_chunk27,4
1063,CR_lounge_230110_1036.s900_chunk49,4
1064,CR_lounge_230110_1036.s900_chunk60,4
1065,CR_lounge_230110_1036.s900_chunk40,4
1066,CR_lounge_230110_1036.s900_chunk23,4
1067,CR_lounge_230110_1036.s900_chunk4,4
1068,CR_lounge_230110_1036.s900_chunk41,4
1069,CR_lounge_230110_1036.s900_chunk19,4
1070,CR_lounge_230110_1036.s900_chunk72,4
1071,CR_lounge_210110_0739.s1200_chunk1,0
1072,CR_lounge_210110_0739.s1200_chunk41,0
1073,CR_lounge_210110_0739.s1200_chunk43,0
1074,CR_lounge_210110_0739.s1200_chunk14,0
1075,CR_lounge_210110_0739.s1200_chunk22,0
1076,CR_lounge_210110_0739.s1200_chunk50,0
1077,CR_lounge_210110_0739.s1200_chunk57,0
1078,CR_lounge_210110_0739.s1200_chunk74,0
1079,CR_lounge_210110_0739.s1200_chunk72,0
1080,CR_lounge_210110_0739.s1200_chunk48,0
1081,CR_lounge_210110_0739.s1200_chunk54,0
1082,CR_lounge_210110_0739.s1200_chunk13,0
1083,CR_lounge_210110_0739.s1200_chunk47,0
1084,CR_lounge_210110_0739.s1200_chunk24,0
1085,CR_lounge_210110_0739.s1200_chunk67,0
1086,CR_lounge_210110_0739.s1200_chunk51,0
1087,CR_lounge_210110_0739.s1200_chunk61,0
1088,CR_lounge_210110_0739.s1200_chunk11,0
1089,CR_lounge_210110_0739.s1200_chunk19,0
1090,CR_lounge_210110_0739.s1200_chunk8,0
1091,CR_lounge_210110_0739.s1200_chunk16,0
1092,CR_lounge_210110_0739.s1200_chunk52,0
1093,CR_lounge_210110_0739.s1200_chunk66,0
1094,CR_lounge_210110_0739.s1200_chunk45,0
1095,CR_lounge_210110_0739.s1200_chunk9,0
1096,CR_lounge_210110_0739.s1200_chunk35,0
1097,CR_lounge_210110_0739.s1200_chunk33,0
1098,CR_lounge_210110_0739.s1200_chunk58,0
1099,CR_lounge_210110_0739.s1200_chunk7,0
1100,CR_lounge_210110_0739.s1200_chunk64,0
1101,CR_lounge_210110_0739.s1200_chunk26,0
1102,CR_lounge_210110_0739.s1200_chunk36,0
1103,CR_lounge_210110_0739.s1200_chunk62,0
1104,CR_lounge_210110_0739.s1200_chunk73,0
1105,CR_lounge_210110_0739.s1200_chunk6,0
1106,CR_lounge_210110_0739.s1200_chunk15,0
1107,CR_lounge_210110_0739.s1200_chunk2,0
1108,CR_lounge_210110_0739.s1200_chunk42,0
1109,CR_lounge_210110_0739.s1200_chunk68,0
1110,CR_lounge_210110_0739.s1200_chunk69,0
1111,CR_lounge_210110_0739.s1200_chunk49,0
1112,CR_lounge_210110_0739.s1200_chunk20,0
1113,CR_lounge_210110_0739.s1200_chunk60,0
1114,CR_lounge_210110_0739.s1200_chunk65,0
1115,CR_lounge_210110_0739.s1200_chunk34,0
1116,CR_lounge_210110_0739.s1200_chunk53,0
1117,CR_lounge_210110_0739.s1200_chunk63,0
1118,CR_lounge_210110_0739.s1200_chunk27,0
1119,CR_lounge_210110_0739.s1200_chunk23,0
1120,CR_lounge_210110_0739.s1200_chunk18,0
1121,CR_lounge_210110_0739.s1200_chunk25,0
1122,CR_lounge_210110_0739.s1200_chunk56,0
1123,CR_lounge_210110_0739.s1200_chunk4,0
1124,CR_lounge_210110_0739.s300_chunk44,3
1125,CR_lounge_210110_0739.s300_chunk1,3
1126,CR_lounge_210110_0739.s300_chunk73,3
1127,CR_lounge_210110_0739.s300_chunk47,3
1128,CR_lounge_210110_0739.s300_chunk55,3
1129,CR_lounge_210110_0739.s300_chunk57,3
1130,CR_lounge_210110_0739.s300_chunk0,3
1131,CR_lounge_210110_0739.s300_chunk4,3
1132,CR_lounge_210110_0739.s300_chunk18,3
1133,CR_lounge_210110_0739.s300_chunk12,3
1134,CR_lounge_210110_0739.s300_chunk3,3
1135,CR_lounge_210110_0739.s300_chunk7,3
1136,CR_lounge_210110_0739.s300_chunk50,3
1137,CR_lounge_210110_0739.s300_chunk9,3
1138,CR_lounge_210110_0739.s300_chunk61,3
1139,CR_lounge_210110_0739.s300_chunk2,3
1140,CR_lounge_210110_0739.s300_chunk42,3
1141,CR_lounge_210110_0739.s300_chunk5,3
1142,CR_lounge_210110_0739.s300_chunk64,3
1143,CR_lounge_210110_0739.s300_chunk32,3
1144,CR_lounge_210110_0739.s300_chunk38,3
1145,CR_lounge_210110_0739.s300_chunk63,3
1146,CR_lounge_210110_0739.s300_chunk10,3
1147,CR_lounge_210110_0739.s300_chunk34,3
1148,CR_lounge_210110_0739.s300_chunk6,3
1149,CR_lounge_210110_0739.s300_chunk39,3
1150,CR_lounge_210110_0739.s300_chunk35,3
1151,CR_lounge_210110_0739.s300_chunk53,3
1152,CR_lounge_210110_0739.s300_chunk36,3
1153,CR_lounge_210110_0739.s300_chunk59,3
1154,CR_lounge_210110_0739.s300_chunk26,3
1155,CR_lounge_210110_0739.s300_chunk19,3
1156,CR_lounge_210110_0739.s0_chunk20,1
1157,CR_lounge_210110_0739.s0_chunk51,1
1158,CR_lounge_210110_0739.s0_chunk14,1
1159,CR_lounge_210110_0739.s0_chunk60,1
1160,CR_lounge_210110_0739.s0_chunk15,1
1161,CR_lounge_210110_0739.s0_chunk35,1
1162,CR_lounge_210110_0739.s0_chunk55,1
1163,CR_lounge_210110_0739.s0_chunk4,1
1164,CR_lounge_210110_0739.s0_chunk39,1
1165,CR_lounge_210110_0739.s0_chunk40,1
1166,CR_lounge_210110_0739.s0_chunk30,1
1167,CR_lounge_210110_0739.s0_chunk46,1
1168,CR_lounge_210110_0739.s0_chunk34,1
1169,CR_lounge_210110_0739.s0_chunk10,1
1170,CR_lounge_210110_0739.s0_chunk1,1
1171,CR_lounge_210110_0739.s0_chunk32,1
1172,CR_lounge_210110_0739.s0_chunk56,1
1173,CR_lounge_210110_0739.s0_chunk44,1
1174,CR_lounge_210110_0739.s0_chunk17,1
1175,CR_lounge_210110_0739.s0_chunk28,1
1176,CR_lounge_210110_0739.s0_chunk2,1
1177,CR_lounge_210110_0739.s0_chunk11,1
1178,CR_lounge_210110_0739.s0_chunk9,1
1179,CR_lounge_210110_0739.s0_chunk49,1
1180,CR_lounge_210110_0739.s0_chunk74,1
1181,CR_lounge_210110_0739.s0_chunk54,1
1182,CR_lounge_210110_0739.s0_chunk21,1
1183,CR_lounge_210110_0739.s0_chunk27,1
1184,CR_lounge_210110_0739.s0_chunk61,1
1185,CR_lounge_210110_0739.s0_chunk3,1
1186,CR_lounge_210110_0739.s0_chunk45,1
1187,CR_lounge_210110_0739.s0_chunk50,1
1188,CR_lounge_210110_0739.s0_chunk22,1
1189,CR_lounge_210110_0739.s0_chunk73,1
1190,CR_lounge_210110_0739.s0_chunk8,1
1191,CR_lounge_210110_0739.s0_chunk65,1
1192,CR_lounge_210110_0739.s0_chunk71,1
1193,CR_lounge_210110_0739.s0_chunk19,1
1194,CR_lounge_210110_0739.s0_chunk68,1
1195,CR_lounge_210110_0739.s0_chunk16,1
1196,CR_lounge_230110_1036.s600_chunk62,2
1197,CR_lounge_230110_1036.s600_chunk35,2
1198,CR_lounge_230110_1036.s600_chunk51,2
1199,CR_lounge_230110_1036.s600_chunk48,2
1200,CR_lounge_230110_1036.s600_chunk18,2
1201,CR_lounge_230110_1036.s600_chunk53,2
1202,CR_lounge_230110_1036.s600_chunk7,2
1203,CR_lounge_230110_1036.s600_chunk19,2
1204,CR_lounge_230110_1036.s600_chunk58,2
1205,CR_lounge_230110_1036.s600_chunk25,2
1206,CR_lounge_230110_1036.s600_chunk65,2
1207,CR_lounge_230110_1036.s600_chunk10,2
1208,CR_lounge_230110_1036.s600_chunk64,2
1209,CR_lounge_230110_1036.s600_chunk15,2
1210,CR_lounge_230110_1036.s600_chunk29,2
1211,CR_lounge_230110_1036.s600_chunk22,2
1212,CR_lounge_230110_1036.s600_chunk23,2
1213,CR_lounge_230110_1036.s600_chunk16,2
1214,CR_lounge_230110_1036.s600_chunk27,2
1215,CR_lounge_230110_1036.s600_chunk26,2
1216,CR_lounge_270110_1632.s1500_chunk23,2
1217,CR_lounge_270110_1632.s1500_chunk57,2
1218,CR_lounge_270110_1632.s1500_chunk30,2
1219,CR_lounge_270110_1632.s1500_chunk41,2
1220,CR_lounge_270110_1632.s1500_chunk21,2
1221,CR_lounge_270110_1632.s1500_chunk20,2
1222,CR_lounge_270110_1632.s1500_chunk25,2
1223,CR_lounge_270110_1632.s1500_chunk14,2
1224,CR_lounge_270110_1632.s1500_chunk37,2
1225,CR_lounge_270110_1632.s1500_chunk26,2
1226,CR_lounge_270110_1632.s1500_chunk71,2
1227,CR_lounge_270110_1632.s1500_chunk48,2
1228,CR_lounge_270110_1632.s1500_chunk40,2
1229,CR_lounge_270110_1632.s1500_chunk12,2
1230,CR_lounge_270110_1632.s1500_chunk22,2
1231,CR_lounge_270110_1632.s1500_chunk29,2
1232,CR_lounge_270110_1632.s1500_chunk34,2
1233,CR_lounge_270110_1632.s1500_chunk24,2
1234,CR_lounge_270110_1632.s1500_chunk10,2
1235,CR_lounge_270110_1632.s1500_chunk49,2
1236,CR_lounge_270110_1632.s1500_chunk31,2
1237,CR_lounge_270110_1632.s1500_chunk27,2
1238,CR_lounge_270110_1632.s1500_chunk7,2
1239,CR_lounge_270110_1632.s1500_chunk47,2
1240,CR_lounge_270110_1632.s1500_chunk19,2
1241,CR_lounge_270110_1632.s1500_chunk9,2
1242,CR_lounge_270110_1632.s1500_chunk50,2
1243,CR_lounge_270110_1632.s1500_chunk11,2
1244,CR_lounge_270110_1632.s1500_chunk45,2
1245,CR_lounge_270110_1632.s1500_chunk15,2
1246,CR_lounge_270110_1632.s1500_chunk33,2
1247,CR_lounge_270110_1632.s1500_chunk52,2
1248,CR_lounge_270110_1632.s1500_chunk13,2
1249,CR_lounge_270110_1632.s1500_chunk35,2
1250,CR_lounge_200110_1711.s0_chunk12,2
1251,CR_lounge_200110_1711.s0_chunk1,2
1252,CR_lounge_200110_1711.s0_chunk23,2
1253,CR_lounge_200110_1711.s0_chunk48,3
1254,CR_lounge_200110_1711.s0_chunk45,2
1255,CR_lounge_200110_1711.s0_chunk9,2
1256,CR_lounge_200110_1711.s0_chunk15,2
1257,CR_lounge_200110_1711.s0_chunk57,1
1258,CR_lounge_200110_1711.s0_chunk16,2
1259,CR_lounge_200110_1711.s0_chunk67,2
1260,CR_lounge_200110_1711.s0_chunk52,3
1261,CR_lounge_200110_1711.s0_chunk43,3
1262,CR_lounge_200110_1711.s0_chunk8,2
1263,CR_lounge_200110_1711.s0_chunk28,2
1264,CR_lounge_200110_1711.s0_chunk44,4
1265,CR_lounge_200110_1711.s0_chunk3,2
1266,CR_lounge_200110_1711.s0_chunk5,2
1267,CR_lounge_200110_1711.s0_chunk21,2
1268,CR_lounge_200110_1711.s0_chunk24,2
1269,CR_lounge_200110_1711.s0_chunk26,2
1270,CR_lounge_200110_1711.s0_chunk2,2
1271,CR_lounge_200110_1711.s0_chunk17,2
1272,CR_lounge_200110_1711.s0_chunk56,2
1273,CR_lounge_200110_1711.s0_chunk22,2
1274,CR_lounge_200110_1711.s0_chunk10,2
1275,CR_lounge_200110_1711.s0_chunk39,1
1276,CR_lounge_200110_1711.s0_chunk73,2
1277,CR_lounge_200110_1711.s0_chunk4,2
1278,CR_lounge_200110_1711.s0_chunk66,2
1279,CR_lounge_200110_1711.s0_chunk18,2
1280,CR_lounge_200110_1711.s0_chunk55,0
1281,CR_lounge_200110_1711.s0_chunk19,2
1282,CR_lounge_220110_0731.s1200_chunk65,1
1283,CR_lounge_220110_0731.s1200_chunk46,1
1284,CR_lounge_220110_0731.s1200_chunk40,1
1285,CR_lounge_220110_0731.s1200_chunk72,1
1286,CR_lounge_220110_0731.s1200_chunk39,1
1287,CR_lounge_220110_0731.s1200_chunk61,1
1288,CR_lounge_220110_0731.s1200_chunk63,1
1289,CR_lounge_220110_0731.s1200_chunk50,1
1290,CR_lounge_220110_0731.s1200_chunk29,1
1291,CR_lounge_220110_0731.s1200_chunk64,1
1292,CR_lounge_220110_0731.s1200_chunk22,1
1293,CR_lounge_220110_0731.s1200_chunk59,1
1294,CR_lounge_220110_0731.s1200_chunk9,1
1295,CR_lounge_220110_0731.s1200_chunk44,1
1296,CR_lounge_220110_0731.s1200_chunk2,1
1297,CR_lounge_220110_0731.s1200_chunk27,1
1298,CR_lounge_220110_0731.s1200_chunk28,1
1299,CR_lounge_220110_0731.s1200_chunk5,1
1300,CR_lounge_220110_0731.s1200_chunk45,1
1301,CR_lounge_220110_0731.s1200_chunk10,1
1302,CR_lounge_220110_0731.s1200_chunk31,1
1303,CR_lounge_220110_0731.s1200_chunk42,1
1304,CR_lounge_220110_0731.s1200_chunk36,1
1305,CR_lounge_220110_0731.s1200_chunk73,1
1306,CR_lounge_220110_0731.s1200_chunk16,1
1307,CR_lounge_220110_0731.s1200_chunk53,1
1308,CR_lounge_230110_1501.s1800_chunk71,0
1309,CR_lounge_230110_1501.s1800_chunk25,0
1310,CR_lounge_230110_1501.s1800_chunk4,0
1311,CR_lounge_230110_1501.s1800_chunk14,0
1312,CR_lounge_230110_1501.s1800_chunk51,0
1313,CR_lounge_230110_1501.s1800_chunk12,0
1314,CR_lounge_230110_1501.s1800_chunk72,0
1315,CR_lounge_230110_1501.s1800_chunk56,0
1316,CR_lounge_230110_1501.s1800_chunk73,0
1317,CR_lounge_230110_1501.s1800_chunk46,0
1318,CR_lounge_230110_1501.s1800_chunk55,0
1319,CR_lounge_230110_1501.s1800_chunk11,0
1320,CR_lounge_230110_1501.s1800_chunk17,0
1321,CR_lounge_230110_1501.s1800_chunk58,0
1322,CR_lounge_230110_1501.s1800_chunk47,0
1323,CR_lounge_230110_1501.s1800_chunk44,0
1324,CR_lounge_230110_1501.s1800_chunk49,0
1325,CR_lounge_230110_1501.s1800_chunk36,0
1326,CR_lounge_230110_1501.s1800_chunk10,0
1327,CR_lounge_230110_1501.s1800_chunk3,0
1328,CR_lounge_230110_1501.s1800_chunk70,0
1329,CR_lounge_230110_1501.s1800_chunk42,0
1330,CR_lounge_230110_1501.s1800_chunk50,0
1331,CR_lounge_230110_1501.s1800_chunk31,0
1332,CR_lounge_230110_1501.s1800_chunk74,0
1333,CR_lounge_230110_1501.s1800_chunk34,0
1334,CR_lounge_230110_1501.s1800_chunk65,0
1335,CR_lounge_230110_1501.s1800_chunk43,0
1336,CR_lounge_230110_1501.s1800_chunk40,0
1337,CR_lounge_230110_1501.s1800_chunk24,0
1338,CR_lounge_230110_1501.s1800_chunk30,0
1339,CR_lounge_230110_1501.s1800_chunk16,0
1340,CR_lounge_230110_1501.s1800_chunk41,0
1341,CR_lounge_230110_1501.s1800_chunk28,0
1342,CR_lounge_230110_1501.s1800_chunk57,0
1343,CR_lounge_230110_1501.s1800_chunk1,0
1344,CR_lounge_230110_1501.s1800_chunk54,0
1345,CR_lounge_230110_1501.s1800_chunk37,0
1346,CR_lounge_230110_1501.s1800_chunk48,0
1347,CR_lounge_230110_1501.s1800_chunk33,0
1348,CR_lounge_200110_1601.s3300_chunk47,2
1349,CR_lounge_200110_1601.s3300_chunk62,2
1350,CR_lounge_200110_1601.s3300_chunk10,2
1351,CR_lounge_200110_1601.s3300_chunk57,2
1352,CR_lounge_200110_1601.s3300_chunk2,2
1353,CR_lounge_200110_1601.s3300_chunk11,2
1354,CR_lounge_200110_1601.s3300_chunk49,2
1355,CR_lounge_200110_1601.s3300_chunk63,2
1356,CR_lounge_200110_1601.s3300_chunk43,2
1357,CR_lounge_200110_1601.s3300_chunk27,2
1358,CR_lounge_200110_1601.s3300_chunk46,2
1359,CR_lounge_200110_1601.s3300_chunk53,2
1360,CR_lounge_200110_1601.s3300_chunk1,2
1361,CR_lounge_200110_1601.s3300_chunk50,2
1362,CR_lounge_200110_1601.s3300_chunk61,2
1363,CR_lounge_200110_1601.s3300_chunk45,2
1364,CR_lounge_200110_1601.s3300_chunk33,2
1365,CR_lounge_200110_1601.s3300_chunk0,2
1366,CR_lounge_200110_1601.s3300_chunk54,2
1367,CR_lounge_200110_1601.s3300_chunk59,2
1368,CR_lounge_200110_1601.s3300_chunk39,2
1369,CR_lounge_200110_1601.s3300_chunk51,2
1370,CR_lounge_200110_1601.s3300_chunk71,2
1371,CR_lounge_200110_1601.s3300_chunk13,2
1372,CR_lounge_200110_1601.s3300_chunk32,2
1373,CR_lounge_200110_1601.s3300_chunk56,2
1374,CR_lounge_200110_1601.s3300_chunk67,2
1375,CR_lounge_200110_1601.s3300_chunk64,2
1376,CR_lounge_200110_1601.s3300_chunk41,2
1377,CR_lounge_200110_1601.s3300_chunk22,2
1378,CR_lounge_200110_1601.s3300_chunk60,2
1379,CR_lounge_200110_1601.s3300_chunk74,2
1380,CR_lounge_200110_1601.s3300_chunk15,2
1381,CR_lounge_200110_1601.s3300_chunk14,2
1382,CR_lounge_200110_1601.s3300_chunk48,2
1383,CR_lounge_200110_1601.s3300_chunk23,2
1384,CR_lounge_200110_1601.s3300_chunk20,2
1385,CR_lounge_200110_1601.s3300_chunk69,2
1386,CR_lounge_200110_1601.s3300_chunk19,2
1387,CR_lounge_200110_1601.s3300_chunk73,2
1388,CR_lounge_200110_1601.s3300_chunk40,2
1389,CR_lounge_200110_1601.s3300_chunk55,2
1390,CR_lounge_200110_1601.s3300_chunk12,2
1391,CR_lounge_200110_1601.s3300_chunk30,2
1392,CR_lounge_200110_1601.s3300_chunk28,2
1393,CR_lounge_200110_1601.s3300_chunk38,2
1394,CR_lounge_200110_1601.s3300_chunk70,2
1395,CR_lounge_200110_1601.s3300_chunk34,2
1396,CR_lounge_230110_1501.s3600_chunk54,3
1397,CR_lounge_230110_1501.s3600_chunk36,3
1398,CR_lounge_230110_1501.s3600_chunk16,3
1399,CR_lounge_230110_1501.s3600_chunk50,3
1400,CR_lounge_230110_1501.s3600_chunk28,3
1401,CR_lounge_230110_1501.s3600_chunk42,3
1402,CR_lounge_230110_1501.s3600_chunk13,3
1403,CR_lounge_230110_1501.s3600_chunk52,3
1404,CR_lounge_230110_1501.s3600_chunk53,3
1405,CR_lounge_230110_1501.s3600_chunk37,3
1406,CR_lounge_230110_1501.s3600_chunk15,3
1407,CR_lounge_230110_1501.s3600_chunk74,3
1408,CR_lounge_230110_1501.s3600_chunk62,3
1409,CR_lounge_230110_1501.s3600_chunk71,3
1410,CR_lounge_230110_1501.s3600_chunk48,3
1411,CR_lounge_230110_1501.s3600_chunk58,3
1412,CR_lounge_230110_1501.s3600_chunk14,3
1413,CR_lounge_230110_1501.s3600_chunk21,3
1414,CR_lounge_200110_1601.s900_chunk54,2
1415,CR_lounge_200110_1601.s900_chunk24,2
1416,CR_lounge_200110_1601.s900_chunk39,2
1417,CR_lounge_200110_1601.s900_chunk8,2
1418,CR_lounge_200110_1601.s900_chunk42,2
1419,CR_lounge_200110_1601.s900_chunk62,2
1420,CR_lounge_200110_1601.s900_chunk23,2
1421,CR_lounge_200110_1601.s900_chunk44,2
1422,CR_lounge_200110_1601.s900_chunk60,2
1423,CR_lounge_200110_1601.s900_chunk14,2
1424,CR_lounge_200110_1601.s900_chunk36,2
1425,CR_lounge_200110_1601.s900_chunk43,2
1426,CR_lounge_200110_1601.s900_chunk0,2
1427,CR_lounge_200110_1601.s900_chunk41,2
1428,CR_lounge_200110_1601.s900_chunk71,2
1429,CR_lounge_200110_1601.s900_chunk2,2
1430,CR_lounge_200110_1601.s900_chunk74,2
1431,CR_lounge_200110_1601.s900_chunk30,2
1432,CR_lounge_200110_1601.s900_chunk53,2
1433,CR_lounge_200110_1601.s900_chunk59,2
1434,CR_lounge_200110_1601.s900_chunk67,2
1435,CR_lounge_200110_1601.s900_chunk26,2
1436,CR_lounge_200110_1601.s900_chunk35,2
1437,CR_lounge_200110_1601.s900_chunk20,2
1438,CR_lounge_200110_1601.s900_chunk49,2
1439,CR_lounge_200110_1601.s900_chunk13,2
1440,CR_lounge_200110_1601.s900_chunk69,2
1441,CR_lounge_200110_1601.s900_chunk10,2
1442,CR_lounge_200110_1601.s900_chunk34,2
1443,CR_lounge_200110_1601.s900_chunk58,2
1444,CR_lounge_200110_1601.s900_chunk31,2
1445,CR_lounge_200110_1601.s900_chunk66,2
1446,CR_lounge_200110_1601.s900_chunk17,2
1447,CR_lounge_200110_1601.s900_chunk21,2
1448,CR_lounge_200110_1601.s900_chunk70,2
1449,CR_lounge_200110_1601.s900_chunk64,2
1450,CR_lounge_200110_1601.s900_chunk4,2
1451,CR_lounge_200110_1601.s900_chunk32,2
1452,CR_lounge_200110_1601.s900_chunk56,2
1453,CR_lounge_200110_1601.s900_chunk9,2
1454,CR_lounge_200110_1601.s900_chunk11,2
1455,CR_lounge_200110_1601.s900_chunk46,2
1456,CR_lounge_200110_1601.s900_chunk51,2
1457,CR_lounge_200110_1601.s900_chunk18,2
1458,CR_lounge_200110_1601.s900_chunk12,2
1459,CR_lounge_200110_1601.s900_chunk22,2
1460,CR_lounge_200110_1601.s900_chunk40,2
1461,CR_lounge_200110_1601.s900_chunk7,2
1462,CR_lounge_200110_1601.s900_chunk48,2
1463,CR_lounge_200110_1601.s900_chunk45,2
1464,CR_lounge_200110_1601.s900_chunk19,2
1465,CR_lounge_200110_1601.s900_chunk73,2
1466,CR_lounge_200110_1601.s900_chunk28,2
1467,CR_lounge_200110_1601.s900_chunk37,2
1468,CR_lounge_200110_1601.s900_chunk65,2
1469,CR_lounge_200110_1601.s900_chunk47,2
1470,CR_lounge_200110_1601.s900_chunk38,2
1471,CR_lounge_200110_1601.s900_chunk3,2
1472,CR_lounge_200110_1601.s900_chunk72,2
1473,CR_lounge_200110_1601.s900_chunk16,2
1474,CR_lounge_200110_1601.s900_chunk55,2
1475,CR_lounge_230110_1501.s2400_chunk52,0
1476,CR_lounge_230110_1501.s2400_chunk28,0
1477,CR_lounge_230110_1501.s2400_chunk36,0
1478,CR_lounge_230110_1501.s2400_chunk68,0
1479,CR_lounge_230110_1501.s2400_chunk18,0
1480,CR_lounge_230110_1501.s2400_chunk11,0
1481,CR_lounge_230110_1501.s2400_chunk66,0
1482,CR_lounge_230110_1501.s2400_chunk16,0
1483,CR_lounge_230110_1501.s2400_chunk13,0
1484,CR_lounge_230110_1501.s2400_chunk49,0
1485,CR_lounge_230110_1501.s2400_chunk58,0
1486,CR_lounge_230110_1501.s2400_chunk38,0
1487,CR_lounge_230110_1501.s2400_chunk54,0
1488,CR_lounge_230110_1501.s2400_chunk0,0
1489,CR_lounge_230110_1501.s2400_chunk72,0
1490,CR_lounge_230110_1501.s2400_chunk23,0
1491,CR_lounge_230110_1501.s2400_chunk9,0
1492,CR_lounge_230110_1501.s2400_chunk59,0
1493,CR_lounge_230110_1501.s2400_chunk26,0
1494,CR_lounge_230110_1501.s2400_chunk51,0
1495,CR_lounge_200110_1601.s600_chunk44,2
1496,CR_lounge_200110_1601.s600_chunk28,2
1497,CR_lounge_200110_1601.s600_chunk26,2
1498,CR_lounge_200110_1601.s600_chunk14,2
1499,CR_lounge_200110_1601.s600_chunk24,2
1500,CR_lounge_200110_1601.s600_chunk0,2
1501,CR_lounge_200110_1601.s600_chunk15,2
1502,CR_lounge_200110_1601.s600_chunk25,2
1503,CR_lounge_200110_1601.s600_chunk74,2
1504,CR_lounge_200110_1601.s600_chunk67,2
1505,CR_lounge_200110_1601.s600_chunk2,2
1506,CR_lounge_200110_1601.s600_chunk12,2
1507,CR_lounge_200110_1601.s600_chunk1,2
1508,CR_lounge_200110_1601.s600_chunk53,2
1509,CR_lounge_200110_1601.s600_chunk43,2
1510,CR_lounge_200110_1601.s600_chunk71,2
1511,CR_lounge_200110_1601.s600_chunk45,2
1512,CR_lounge_200110_1601.s600_chunk39,2
1513,CR_lounge_200110_1601.s600_chunk60,2
1514,CR_lounge_200110_1601.s600_chunk48,2
1515,CR_lounge_200110_1601.s600_chunk66,2
1516,CR_lounge_200110_1601.s600_chunk18,2
1517,CR_lounge_200110_1601.s600_chunk5,2
1518,CR_lounge_200110_1601.s600_chunk49,2
1519,CR_lounge_200110_1601.s600_chunk54,2
1520,CR_lounge_200110_1601.s600_chunk35,2
1521,CR_lounge_200110_1601.s600_chunk21,2
1522,CR_lounge_200110_1601.s600_chunk40,2
1523,CR_lounge_200110_1601.s600_chunk17,2
1524,CR_lounge_200110_1601.s600_chunk64,2
1525,CR_lounge_200110_1601.s600_chunk50,2
1526,CR_lounge_200110_1601.s600_chunk32,2
1527,CR_lounge_200110_1601.s600_chunk27,2
1528,CR_lounge_200110_1601.s600_chunk58,2
1529,CR_lounge_200110_1601.s600_chunk13,2
1530,CR_lounge_200110_1601.s600_chunk73,2
1531,CR_lounge_200110_1601.s600_chunk29,2
1532,CR_lounge_200110_1601.s600_chunk11,2
1533,CR_lounge_200110_1601.s600_chunk42,2
1534,CR_lounge_200110_1601.s600_chunk4,2
1535,CR_lounge_200110_1601.s600_chunk72,2
1536,CR_lounge_200110_1601.s600_chunk52,2
1537,CR_lounge_200110_1601.s600_chunk69,2
1538,CR_lounge_200110_1601.s600_chunk33,2
1539,CR_lounge_200110_1601.s600_chunk6,2
1540,CR_lounge_200110_1601.s600_chunk59,2
1541,CR_lounge_200110_1601.s600_chunk10,2
1542,CR_lounge_200110_1601.s600_chunk62,2
1543,CR_lounge_200110_1601.s600_chunk61,2
1544,CR_lounge_200110_1601.s600_chunk56,2
1545,CR_lounge_200110_1601.s600_chunk41,2
1546,CR_lounge_200110_1601.s600_chunk47,2
1547,CR_lounge_200110_1601.s600_chunk3,2
1548,CR_lounge_200110_1601.s600_chunk34,2
1549,CR_lounge_200110_1601.s600_chunk70,2
1550,CR_lounge_200110_1601.s600_chunk8,2
1551,CR_lounge_200110_1601.s600_chunk46,2
1552,CR_lounge_200110_1601.s600_chunk55,2
1553,CR_lounge_200110_1601.s600_chunk30,2
1554,CR_lounge_200110_1601.s600_chunk31,2
1555,CR_lounge_200110_1601.s600_chunk19,2
1556,CR_lounge_200110_1601.s600_chunk7,2
1557,CR_lounge_200110_1601.s600_chunk23,2
1558,CR_lounge_200110_1601.s600_chunk68,2
1559,CR_lounge_220110_0731.s2400_chunk69,3
1560,CR_lounge_220110_0731.s2400_chunk68,3
1561,CR_lounge_220110_0731.s2400_chunk30,3
1562,CR_lounge_220110_0731.s2400_chunk55,3
1563,CR_lounge_220110_0731.s2400_chunk12,3
1564,CR_lounge_220110_0731.s2400_chunk56,3
1565,CR_lounge_220110_0731.s2400_chunk35,3
1566,CR_lounge_220110_0731.s2400_chunk15,3
1567,CR_lounge_220110_0731.s2400_chunk19,3
1568,CR_lounge_220110_0731.s2400_chunk18,3
1569,CR_lounge_230110_1036.s1200_chunk60,1
1570,CR_lounge_230110_1036.s1200_chunk38,1
1571,CR_lounge_230110_1036.s1200_chunk28,1
1572,CR_lounge_230110_1036.s1200_chunk31,1
1573,CR_lounge_230110_1036.s1200_chunk5,1
1574,CR_lounge_230110_1036.s1200_chunk50,1
1575,CR_lounge_230110_1036.s1200_chunk27,1
1576,CR_lounge_230110_1036.s1200_chunk47,1
1577,CR_lounge_230110_1036.s1200_chunk46,1
1578,CR_lounge_230110_1036.s1200_chunk56,1
1579,CR_lounge_230110_1036.s1200_chunk65,1
1580,CR_lounge_230110_1036.s1200_chunk55,1
1581,CR_lounge_230110_1036.s1200_chunk73,1
1582,CR_lounge_230110_1036.s1200_chunk41,1
1583,CR_lounge_230110_1036.s1200_chunk66,1
1584,CR_lounge_230110_1036.s1200_chunk74,1
1585,CR_lounge_230110_1036.s1200_chunk62,1
1586,CR_lounge_230110_1036.s1200_chunk9,1
1587,CR_lounge_230110_1036.s1200_chunk51,1
1588,CR_lounge_230110_1036.s1200_chunk61,1
1589,CR_lounge_230110_1036.s1200_chunk40,1
1590,CR_lounge_230110_1036.s1200_chunk72,1
1591,CR_lounge_230110_1036.s1200_chunk1,1
1592,CR_lounge_230110_1036.s1200_chunk58,1
1593,CR_lounge_230110_1036.s1200_chunk45,1
1594,CR_lounge_230110_1036.s1200_chunk63,1
1595,CR_lounge_230110_1036.s1200_chunk71,1
1596,CR_lounge_230110_1036.s1200_chunk4,1
1597,CR_lounge_230110_1036.s1200_chunk69,1
1598,CR_lounge_230110_1036.s1200_chunk42,1
1599,CR_lounge_230110_1036.s1200_chunk57,1
1600,CR_lounge_230110_1036.s1200_chunk48,1
1601,CR_lounge_230110_1036.s1200_chunk59,1
1602,CR_lounge_230110_1036.s1200_chunk43,1
1603,CR_lounge_230110_1036.s1200_chunk53,1
1604,CR_lounge_230110_1036.s1200_chunk26,1
1605,CR_lounge_270110_1632.s1200_chunk62,1
1606,CR_lounge_270110_1632.s1200_chunk42,1
1607,CR_lounge_270110_1632.s1200_chunk18,1
1608,CR_lounge_270110_1632.s1200_chunk61,1
1609,CR_lounge_270110_1632.s1200_chunk47,1
1610,CR_lounge_270110_1632.s1200_chunk0,1
1611,CR_lounge_270110_1632.s1200_chunk73,1
1612,CR_lounge_270110_1632.s1200_chunk4,1
1613,CR_lounge_270110_1632.s1200_chunk41,1
1614,CR_lounge_270110_1632.s1200_chunk17,1
1615,CR_lounge_270110_1632.s1200_chunk5,1
1616,CR_lounge_270110_1632.s1200_chunk70,1
1617,CR_lounge_270110_1632.s1200_chunk34,1
1618,CR_lounge_270110_1632.s1200_chunk25,1
1619,CR_lounge_270110_1632.s1200_chunk21,1
1620,CR_lounge_270110_1632.s1200_chunk7,1
1621,CR_lounge_270110_1632.s1200_chunk45,1
1622,CR_lounge_270110_1632.s1200_chunk65,1
1623,CR_lounge_270110_1632.s1200_chunk6,1
1624,CR_lounge_270110_1632.s1200_chunk44,1
1625,CR_lounge_270110_1632.s1200_chunk29,1
1626,CR_lounge_270110_1632.s1200_chunk69,1
1627,CR_lounge_270110_1632.s1200_chunk23,1
1628,CR_lounge_270110_1632.s1200_chunk28,1
1629,CR_lounge_270110_1632.s1200_chunk2,1
1630,CR_lounge_270110_1632.s1200_chunk36,1
1631,CR_lounge_270110_1632.s1200_chunk16,1
1632,CR_lounge_270110_1632.s1200_chunk68,1
1633,CR_lounge_270110_1632.s1200_chunk43,1
1634,CR_lounge_270110_1632.s1200_chunk51,1
1635,CR_lounge_270110_1632.s1200_chunk74,1
1636,CR_lounge_270110_1632.s1200_chunk49,1
1637,CR_lounge_270110_1632.s1200_chunk14,1
1638,CR_lounge_270110_1632.s1200_chunk35,1
1639,CR_lounge_270110_1632.s1200_chunk67,1
1640,CR_lounge_270110_1632.s1200_chunk66,1
1641,CR_lounge_270110_1632.s1200_chunk26,1
1642,CR_lounge_270110_1632.s1200_chunk31,1
1643,CR_lounge_270110_1632.s1200_chunk63,1
1644,CR_lounge_270110_1632.s1200_chunk46,1
1645,CR_lounge_270110_1632.s1200_chunk39,1
1646,CR_lounge_270110_1632.s1200_chunk22,1
1647,CR_lounge_270110_1632.s1200_chunk1,1
1648,CR_lounge_270110_1632.s1200_chunk3,1
1649,CR_lounge_270110_1632.s1200_chunk32,1
1650,CR_lounge_270110_1632.s1200_chunk64,1
1651,CR_lounge_270110_1632.s1200_chunk38,1
1652,CR_lounge_270110_1632.s1200_chunk37,1
1653,CR_lounge_270110_1632.s1200_chunk13,1
1654,CR_lounge_270110_1632.s1200_chunk30,1
1655,CR_lounge_270110_1632.s1200_chunk33,1
1656,CR_lounge_270110_1632.s1200_chunk59,1
1657,CR_lounge_270110_1632.s1200_chunk40,1
1658,CR_lounge_270110_1632.s1200_chunk72,1
1659,CR_lounge_270110_1632.s1200_chunk71,1
1660,CR_lounge_270110_1632.s1200_chunk27,1
1661,CR_lounge_220110_0731.s3300_chunk44,0
1662,CR_lounge_220110_0731.s3300_chunk65,0
1663,CR_lounge_220110_0731.s3300_chunk58,0
1664,CR_lounge_220110_0731.s3300_chunk60,0
1665,CR_lounge_220110_0731.s3300_chunk63,0
1666,CR_lounge_220110_0731.s3300_chunk55,0
1667,CR_lounge_220110_0731.s3300_chunk33,0
1668,CR_lounge_220110_0731.s3300_chunk50,0
1669,CR_lounge_220110_0731.s3300_chunk67,0
1670,CR_lounge_220110_0731.s3300_chunk49,0
1671,CR_lounge_220110_0731.s3300_chunk59,0
1672,CR_lounge_220110_0731.s3300_chunk68,0
1673,CR_lounge_220110_0731.s3300_chunk22,0
1674,CR_lounge_220110_0731.s3300_chunk38,0
1675,CR_lounge_220110_0731.s3300_chunk34,0
1676,CR_lounge_220110_0731.s3300_chunk66,0
1677,CR_lounge_220110_0731.s3300_chunk27,0
1678,CR_lounge_220110_0731.s3300_chunk23,0
1679,CR_lounge_200110_1601.s1200_chunk26,1
1680,CR_lounge_200110_1601.s1200_chunk13,1
1681,CR_lounge_200110_1601.s1200_chunk73,1
1682,CR_lounge_200110_1601.s1200_chunk68,1
1683,CR_lounge_200110_1601.s1200_chunk24,1
1684,CR_lounge_200110_1601.s1200_chunk61,1
1685,CR_lounge_200110_1601.s1200_chunk60,1
1686,CR_lounge_200110_1601.s1200_chunk2,1
1687,CR_lounge_200110_1601.s1200_chunk56,1
1688,CR_lounge_200110_1601.s1200_chunk74,1
1689,CR_lounge_200110_1601.s1200_chunk41,1
1690,CR_lounge_200110_1601.s1200_chunk30,1
1691,CR_lounge_200110_1601.s1200_chunk29,1
1692,CR_lounge_200110_1601.s1200_chunk65,1
1693,CR_lounge_200110_1601.s1200_chunk37,1
1694,CR_lounge_200110_1601.s1200_chunk57,1
1695,CR_lounge_200110_1601.s1200_chunk59,1
1696,CR_lounge_200110_1601.s1200_chunk32,1
1697,CR_lounge_200110_1601.s1200_chunk28,1
1698,CR_lounge_200110_1601.s1200_chunk64,1
1699,CR_lounge_200110_1601.s1200_chunk47,1
1700,CR_lounge_200110_1601.s1200_chunk27,1
1701,CR_lounge_200110_1601.s1200_chunk33,1
1702,CR_lounge_200110_1601.s1200_chunk23,1
1703,CR_lounge_200110_1601.s1200_chunk25,1
1704,CR_lounge_200110_1601.s1200_chunk62,1
1705,CR_lounge_200110_1601.s1200_chunk49,1
1706,CR_lounge_200110_1601.s1200_chunk51,1
1707,CR_lounge_200110_1601.s1200_chunk7,1
1708,CR_lounge_200110_1601.s1200_chunk48,1
1709,CR_lounge_200110_1601.s1200_chunk21,1
1710,CR_lounge_200110_1601.s1200_chunk31,1
1711,CR_lounge_200110_1601.s1200_chunk52,1
1712,CR_lounge_200110_1601.s1200_chunk17,1
1713,CR_lounge_200110_1601.s1200_chunk55,1
1714,CR_lounge_200110_1601.s1200_chunk58,1
1715,CR_lounge_200110_1601.s1200_chunk72,1
1716,CR_lounge_200110_1601.s1200_chunk0,1
1717,CR_lounge_200110_1601.s1200_chunk20,1
1718,CR_lounge_200110_1601.s1200_chunk70,1
1719,CR_lounge_200110_1601.s1200_chunk46,1
1720,CR_lounge_200110_1601.s1200_chunk54,1
1721,CR_lounge_200110_1601.s1200_chunk53,1
1722,CR_lounge_200110_1601.s1200_chunk67,1
1723,CR_lounge_200110_1601.s1200_chunk71,1
1724,CR_lounge_200110_1601.s1200_chunk11,1
1725,CR_lounge_200110_1601.s1200_chunk19,1
1726,CR_lounge_200110_1601.s1200_chunk44,1
1727,CR_lounge_200110_1601.s1200_chunk8,1
1728,CR_lounge_200110_1601.s1200_chunk16,1
1729,CR_lounge_200110_1601.s1200_chunk50,1
1730,CR_lounge_200110_1601.s1200_chunk38,1
1731,CR_lounge_200110_1601.s1200_chunk22,1
1732,CR_lounge_200110_1601.s1200_chunk69,1
1733,CR_lounge_200110_1601.s1200_chunk45,1
1734,CR_lounge_200110_1601.s1200_chunk63,1
1735,CR_lounge_200110_1601.s1200_chunk18,1
1736,CR_lounge_200110_1601.s2700_chunk44,1
1737,CR_lounge_200110_1601.s2700_chunk25,1
1738,CR_lounge_200110_1601.s2700_chunk21,1
1739,CR_lounge_200110_1601.s2700_chunk5,1
1740,CR_lounge_200110_1601.s2700_chunk50,1
1741,CR_lounge_200110_1601.s2700_chunk13,1
1742,CR_lounge_200110_1601.s2700_chunk47,1
1743,CR_lounge_200110_1601.s2700_chunk68,1
1744,CR_lounge_200110_1601.s2700_chunk57,1
1745,CR_lounge_200110_1601.s2700_chunk6,1
1746,CR_lounge_200110_1601.s2700_chunk30,1
1747,CR_lounge_200110_1601.s2700_chunk36,1
1748,CR_lounge_200110_1601.s2700_chunk72,1
1749,CR_lounge_200110_1601.s2700_chunk9,1
1750,CR_lounge_200110_1601.s2700_chunk7,1
1751,CR_lounge_200110_1601.s2700_chunk45,1
1752,CR_lounge_200110_1601.s2700_chunk40,1
1753,CR_lounge_200110_1601.s2700_chunk74,1
1754,CR_lounge_200110_1601.s2700_chunk43,1
1755,CR_lounge_200110_1601.s2700_chunk58,1
1756,CR_lounge_200110_1601.s2700_chunk71,1
1757,CR_lounge_200110_1601.s2700_chunk28,1
1758,CR_lounge_200110_1601.s2700_chunk52,1
1759,CR_lounge_200110_1601.s2700_chunk24,1
1760,CR_lounge_200110_1601.s2700_chunk63,1
1761,CR_lounge_200110_1601.s2700_chunk69,1
1762,CR_lounge_200110_1601.s2700_chunk73,1
1763,CR_lounge_200110_1601.s2700_chunk33,1
1764,CR_lounge_200110_1601.s2700_chunk4,1
1765,CR_lounge_200110_1601.s2700_chunk51,1
1766,CR_lounge_200110_1601.s2700_chunk15,1
1767,CR_lounge_200110_1601.s2700_chunk12,1
1768,CR_lounge_200110_1601.s2700_chunk22,1
1769,CR_lounge_200110_1601.s2700_chunk60,1
1770,CR_lounge_200110_1601.s2700_chunk19,1
1771,CR_lounge_200110_1601.s2700_chunk39,1
1772,CR_lounge_200110_1601.s2700_chunk70,1
1773,CR_lounge_200110_1601.s2700_chunk23,1
1774,CR_lounge_200110_1601.s2700_chunk0,1
1775,CR_lounge_200110_1601.s2700_chunk48,1
1776,CR_lounge_200110_1601.s2700_chunk2,1
1777,CR_lounge_200110_1601.s2700_chunk54,1
1778,CR_lounge_200110_1601.s2700_chunk38,1
1779,CR_lounge_200110_1601.s2700_chunk35,1
1780,CR_lounge_200110_1601.s2700_chunk67,1
1781,CR_lounge_200110_1601.s2700_chunk11,1
1782,CR_lounge_200110_1601.s2700_chunk3,1
1783,CR_lounge_200110_1601.s2700_chunk27,1
1784,CR_lounge_200110_1601.s2700_chunk20,1
1785,CR_lounge_200110_1601.s2700_chunk49,1
1786,CR_lounge_200110_1601.s2700_chunk42,1
1787,CR_lounge_200110_1601.s2700_chunk16,1
1788,CR_lounge_200110_1601.s2700_chunk61,1
1789,CR_lounge_200110_1601.s2700_chunk29,1
1790,CR_lounge_200110_1601.s2700_chunk53,1
1791,CR_lounge_200110_1601.s2700_chunk46,1
1792,CR_lounge_200110_1601.s2700_chunk17,1
1793,CR_lounge_200110_1601.s2700_chunk66,1
1794,CR_lounge_200110_1601.s2700_chunk37,1
1795,CR_lounge_200110_1601.s2700_chunk41,1
1796,CR_lounge_200110_1601.s2700_chunk1,1
1797,CR_lounge_200110_1601.s2700_chunk26,1
1798,CR_lounge_200110_1601.s2700_chunk64,1
1799,CR_lounge_200110_1601.s2700_chunk55,1
1800,CR_lounge_200110_1601.s2700_chunk59,1
1801,CR_lounge_200110_1601.s2700_chunk14,1
1802,CR_lounge_200110_1601.s2700_chunk8,1
1803,CR_lounge_200110_1601.s2700_chunk18,1
1804,CR_lounge_200110_1601.s2700_chunk32,1
1805,CR_lounge_200110_1601.s2700_chunk62,1
1806,CR_lounge_200110_1601.s2700_chunk56,1
1807,CR_lounge_200110_1601.s2700_chunk31,1
1808,CR_lounge_200110_1601.s2700_chunk65,1
1809,CR_lounge_220110_0731.s600_chunk58,4
1810,CR_lounge_220110_0731.s600_chunk55,4
1811,CR_lounge_220110_0731.s600_chunk38,4
1812,CR_lounge_220110_0731.s600_chunk44,4
1813,CR_lounge_220110_0731.s600_chunk29,4
1814,CR_lounge_220110_0731.s600_chunk63,4
1815,CR_lounge_220110_0731.s600_chunk43,4
1816,CR_lounge_220110_0731.s600_chunk62,4
1817,CR_lounge_220110_0731.s600_chunk21,4
1818,CR_lounge_220110_0731.s600_chunk10,4
1819,CR_lounge_220110_0731.s600_chunk1,4
1820,CR_lounge_220110_0731.s600_chunk4,4
1821,CR_lounge_220110_0731.s600_chunk31,4
1822,CR_lounge_220110_0731.s600_chunk6,4
1823,CR_lounge_220110_0731.s600_chunk54,4
1824,CR_lounge_220110_0731.s600_chunk57,4
1825,CR_lounge_220110_0731.s600_chunk28,4
1826,CR_lounge_220110_0731.s600_chunk2,4
1827,CR_lounge_220110_0731.s600_chunk73,4
1828,CR_lounge_220110_0731.s600_chunk72,4
1829,CR_lounge_220110_0731.s600_chunk49,4
1830,CR_lounge_220110_0731.s600_chunk25,4
1831,CR_lounge_220110_0731.s600_chunk61,4
1832,CR_lounge_220110_0731.s600_chunk35,4
1833,CR_lounge_220110_0731.s600_chunk66,4
1834,CR_lounge_220110_0731.s600_chunk19,4
1835,CR_lounge_210110_0739.s900_chunk47,1
1836,CR_lounge_210110_0739.s900_chunk44,1
1837,CR_lounge_210110_0739.s900_chunk21,1
1838,CR_lounge_210110_0739.s900_chunk53,1
1839,CR_lounge_210110_0739.s900_chunk33,1
1840,CR_lounge_210110_0739.s900_chunk62,1
1841,CR_lounge_210110_0739.s900_chunk15,1
1842,CR_lounge_210110_0739.s900_chunk72,1
1843,CR_lounge_210110_0739.s900_chunk60,1
1844,CR_lounge_210110_0739.s900_chunk51,1
1845,CR_lounge_210110_0739.s900_chunk57,1
1846,CR_lounge_210110_0739.s900_chunk17,1
1847,CR_lounge_210110_0739.s900_chunk6,1
1848,CR_lounge_210110_0739.s900_chunk46,1
1849,CR_lounge_210110_0739.s900_chunk38,1
1850,CR_lounge_210110_0739.s900_chunk67,1
1851,CR_lounge_210110_0739.s900_chunk4,1
1852,CR_lounge_210110_0739.s900_chunk61,1
1853,CR_lounge_210110_0739.s900_chunk66,1
1854,CR_lounge_210110_0739.s900_chunk26,1
1855,CR_lounge_210110_0739.s900_chunk71,1
1856,CR_lounge_210110_0739.s900_chunk40,1
1857,CR_lounge_210110_0739.s900_chunk55,1
1858,CR_lounge_210110_0739.s900_chunk19,1
1859,CR_lounge_210110_0739.s900_chunk68,1
1860,CR_lounge_210110_0739.s900_chunk30,1
1861,CR_lounge_210110_0739.s900_chunk28,1
1862,CR_lounge_210110_0739.s900_chunk56,1
1863,CR_lounge_210110_0739.s900_chunk22,1
1864,CR_lounge_210110_0739.s900_chunk18,1
1865,CR_lounge_220110_0731.s900_chunk64,3
1866,CR_lounge_220110_0731.s900_chunk33,3
1867,CR_lounge_220110_0731.s900_chunk27,3
1868,CR_lounge_220110_0731.s900_chunk57,3
1869,CR_lounge_220110_0731.s900_chunk1,3
1870,CR_lounge_220110_0731.s900_chunk14,3
1871,CR_lounge_220110_0731.s900_chunk17,3
1872,CR_lounge_220110_0731.s900_chunk6,3
1873,CR_lounge_220110_0731.s900_chunk49,3
1874,CR_lounge_220110_0731.s900_chunk7,3
1875,CR_lounge_220110_0731.s900_chunk44,3
1876,CR_lounge_220110_0731.s900_chunk56,3
1877,CR_lounge_220110_0731.s900_chunk61,3
1878,CR_lounge_220110_0731.s900_chunk51,3
1879,CR_lounge_220110_0731.s900_chunk16,3
1880,CR_lounge_220110_0731.s900_chunk19,3
1881,CR_lounge_220110_0731.s900_chunk52,3
1882,CR_lounge_220110_0731.s900_chunk45,3
1883,CR_lounge_220110_0731.s900_chunk30,3
1884,CR_lounge_220110_0731.s900_chunk40,3
1885,CR_lounge_220110_0731.s900_chunk72,3
1886,CR_lounge_270110_1632.s3600_chunk32,2
1887,CR_lounge_270110_1632.s3600_chunk44,2
1888,CR_lounge_270110_1632.s3600_chunk58,2
1889,CR_lounge_270110_1632.s3600_chunk73,2
1890,CR_lounge_270110_1632.s3600_chunk33,2
1891,CR_lounge_270110_1632.s3600_chunk63,2
1892,CR_lounge_270110_1632.s3600_chunk21,2
1893,CR_lounge_270110_1632.s3600_chunk70,2
1894,CR_lounge_270110_1632.s3600_chunk40,2
1895,CR_lounge_270110_1632.s3600_chunk24,2
1896,CR_lounge_270110_1632.s3600_chunk17,2
1897,CR_lounge_270110_1632.s3600_chunk50,2
1898,CR_lounge_270110_1632.s3600_chunk39,2
1899,CR_lounge_270110_1632.s3600_chunk42,2
1900,CR_lounge_270110_1632.s3600_chunk25,2
1901,CR_lounge_270110_1632.s3600_chunk34,2
1902,CR_lounge_270110_1632.s3600_chunk18,2
1903,CR_lounge_270110_1632.s3600_chunk3,2
1904,CR_lounge_270110_1632.s3600_chunk30,2
1905,CR_lounge_270110_1632.s3600_chunk7,2
1906,CR_lounge_270110_1632.s3600_chunk29,2
1907,CR_lounge_270110_1632.s3600_chunk69,2
1908,CR_lounge_270110_1632.s3600_chunk51,2
1909,CR_lounge_270110_1632.s3600_chunk6,2
1910,CR_lounge_270110_1632.s3600_chunk41,2
1911,CR_lounge_270110_1632.s3600_chunk20,2
1912,CR_lounge_270110_1632.s3600_chunk5,2
1913,CR_lounge_270110_1632.s3600_chunk19,2
1914,CR_lounge_270110_1632.s3600_chunk11,2
1915,CR_lounge_270110_1632.s3600_chunk22,2
1916,CR_lounge_270110_1632.s3900_chunk11,4
1917,CR_lounge_270110_1632.s3900_chunk3,4
1918,CR_lounge_270110_1632.s3900_chunk27,4
1919,CR_lounge_270110_1632.s3900_chunk39,4
1920,CR_lounge_270110_1632.s3900_chunk41,4
1921,CR_lounge_270110_1632.s3900_chunk20,4
1922,CR_lounge_270110_1632.s3900_chunk48,4
1923,CR_lounge_270110_1632.s3900_chunk40,4
1924,CR_lounge_270110_1632.s3900_chunk5,4
1925,CR_lounge_270110_1632.s3900_chunk32,4
1926,CR_lounge_270110_1632.s3900_chunk18,4
1927,CR_lounge_270110_1632.s3900_chunk43,4
1928,CR_lounge_270110_1632.s3900_chunk54,4
1929,CR_lounge_270110_1632.s3900_chunk35,4
1930,CR_lounge_270110_1632.s3900_chunk67,4
1931,CR_lounge_270110_1632.s3900_chunk66,4
1932,CR_lounge_270110_1632.s3900_chunk37,4
1933,CR_lounge_270110_1632.s3900_chunk36,4
1934,CR_lounge_270110_1632.s3900_chunk1,4
1935,CR_lounge_270110_1632.s3900_chunk13,4
1936,CR_lounge_270110_1632.s3900_chunk64,4
1937,CR_lounge_270110_1632.s3900_chunk17,4
1938,CR_lounge_270110_1632.s3900_chunk73,4
1939,CR_lounge_270110_1632.s3900_chunk0,4
1940,CR_lounge_270110_1632.s3900_chunk59,4
1941,CR_lounge_270110_1632.s3900_chunk10,4
1942,CR_lounge_270110_1632.s3900_chunk65,4
1943,CR_lounge_270110_1632.s3900_chunk30,4
1944,CR_lounge_270110_1632.s3900_chunk4,4
1945,CR_lounge_270110_1632.s3900_chunk9,4
